split,method,seed,episodes,sequential_success,sequential_success_ci95,immediate_success,future_success,combined_energy_mean,combined_energy_ci95,affordance_debt_mean,tail_future_debt_mean,future_support_margin_mean,balance_failure_rate,unique_first_postures
combined_shift,arm_only_reach,0,24,0.6250,0.1979,0.7500,0.8333,0.3499,0.0455,0.0000,0.0691,0.0822,0.0000,1
combined_shift,arm_only_reach,1,24,0.6667,0.1927,0.7500,0.9167,0.3333,0.0444,0.0000,0.0731,0.0862,0.0000,1
combined_shift,arm_only_reach,2,24,0.6250,0.1979,0.8333,0.7917,0.3245,0.0462,0.0000,0.0640,0.0867,0.0000,1
combined_shift,arm_only_reach,3,24,0.8750,0.1352,0.9583,0.9167,0.3150,0.0414,0.0000,0.0685,0.0800,0.0000,1
combined_shift,arm_only_reach,4,24,0.7500,0.1770,0.8333,0.9167,0.3018,0.0418,0.0000,0.0691,0.0823,0.0000,1
combined_shift,arm_only_reach,5,24,0.5417,0.2036,0.7500,0.7500,0.3498,0.0482,0.0000,0.0750,0.0742,0.0000,1
combined_shift,arm_only_reach,6,24,0.7500,0.1770,0.9167,0.8333,0.2977,0.0353,0.0000,0.0699,0.0857,0.0000,1
combined_shift,arm_only_reach,7,24,0.7500,0.1770,0.8750,0.8750,0.3495,0.0340,0.0000,0.0663,0.0854,0.0000,1
combined_shift,bar_mpc_no_online,0,24,0.6667,0.1927,0.8333,0.8333,0.3190,0.0419,0.0536,0.0713,0.0723,0.0000,8
combined_shift,bar_mpc_no_online,1,24,0.7500,0.1770,0.8750,0.8750,0.3092,0.0392,0.0557,0.0752,0.0769,0.0000,8
combined_shift,bar_mpc_no_online,2,24,0.6667,0.1927,0.9583,0.7083,0.3002,0.0446,0.0496,0.0652,0.0740,0.0000,8
combined_shift,bar_mpc_no_online,3,24,0.8750,0.1352,0.9583,0.8750,0.2925,0.0407,0.0529,0.0704,0.0709,0.0000,9
combined_shift,bar_mpc_no_online,4,24,0.9167,0.1130,0.9583,0.9167,0.2854,0.0418,0.0533,0.0711,0.0783,0.0000,9
combined_shift,bar_mpc_no_online,5,24,0.7083,0.1858,0.8750,0.8333,0.3139,0.0408,0.0553,0.0760,0.0607,0.0000,10
combined_shift,bar_mpc_no_online,6,24,0.8333,0.1523,0.9583,0.8750,0.2744,0.0299,0.0527,0.0708,0.0788,0.0000,6
combined_shift,bar_mpc_no_online,7,24,0.8333,0.1523,0.9583,0.8750,0.3258,0.0334,0.0518,0.0683,0.0779,0.0000,7
combined_shift,bar_mpc_v5,0,24,0.6667,0.1927,0.8333,0.8333,0.3190,0.0419,0.0536,0.0713,0.0723,0.0000,8
combined_shift,bar_mpc_v5,1,24,0.7500,0.1770,0.8750,0.8750,0.3092,0.0392,0.0557,0.0752,0.0769,0.0000,8
combined_shift,bar_mpc_v5,2,24,0.6667,0.1927,0.9583,0.7083,0.3002,0.0446,0.0496,0.0652,0.0740,0.0000,8
combined_shift,bar_mpc_v5,3,24,0.8750,0.1352,0.9583,0.8750,0.2925,0.0407,0.0529,0.0704,0.0709,0.0000,9
combined_shift,bar_mpc_v5,4,24,0.9167,0.1130,0.9583,0.9167,0.2854,0.0418,0.0533,0.0711,0.0783,0.0000,9
combined_shift,bar_mpc_v5,5,24,0.7083,0.1858,0.8750,0.8333,0.3139,0.0408,0.0553,0.0760,0.0607,0.0000,10
combined_shift,bar_mpc_v5,6,24,0.8333,0.1523,0.9583,0.8750,0.2744,0.0299,0.0527,0.0708,0.0788,0.0000,6
combined_shift,bar_mpc_v5,7,24,0.8333,0.1523,0.9583,0.8750,0.3258,0.0334,0.0518,0.0683,0.0779,0.0000,7
combined_shift,comfort_regularized_mpc,0,24,0.6667,0.1927,0.8333,0.8333,0.3185,0.0416,0.0000,0.0714,0.0718,0.0000,8
combined_shift,comfort_regularized_mpc,1,24,0.7500,0.1770,0.8750,0.8750,0.3095,0.0392,0.0000,0.0752,0.0762,0.0000,8
combined_shift,comfort_regularized_mpc,2,24,0.6667,0.1927,0.9583,0.7083,0.3005,0.0445,0.0000,0.0653,0.0727,0.0000,9
combined_shift,comfort_regularized_mpc,3,24,0.8333,0.1523,0.9583,0.8333,0.2934,0.0406,0.0000,0.0705,0.0702,0.0000,8
combined_shift,comfort_regularized_mpc,4,24,0.9167,0.1130,0.9583,0.9167,0.2834,0.0423,0.0000,0.0717,0.0753,0.0000,9
combined_shift,comfort_regularized_mpc,5,24,0.7500,0.1770,0.9167,0.8333,0.3129,0.0403,0.0000,0.0761,0.0593,0.0000,9
combined_shift,comfort_regularized_mpc,6,24,0.8333,0.1523,0.9583,0.8750,0.2755,0.0303,0.0000,0.0710,0.0782,0.0000,7
combined_shift,comfort_regularized_mpc,7,24,0.8333,0.1523,0.9583,0.8750,0.3268,0.0337,0.0000,0.0685,0.0769,0.0000,6
combined_shift,current_target_only_greedy,0,24,0.6667,0.1927,0.8333,0.8333,0.3186,0.0415,0.0000,0.0715,0.0718,0.0000,8
combined_shift,current_target_only_greedy,1,24,0.7500,0.1770,0.8750,0.8750,0.3090,0.0394,0.0000,0.0754,0.0749,0.0000,7
combined_shift,current_target_only_greedy,2,24,0.6667,0.1927,0.9583,0.7083,0.3005,0.0446,0.0000,0.0655,0.0714,0.0000,8
combined_shift,current_target_only_greedy,3,24,0.8333,0.1523,0.9583,0.8333,0.2940,0.0412,0.0000,0.0706,0.0679,0.0000,7
combined_shift,current_target_only_greedy,4,24,0.9167,0.1130,0.9583,0.9167,0.2846,0.0417,0.0000,0.0718,0.0749,0.0000,10
combined_shift,current_target_only_greedy,5,24,0.7500,0.1770,0.9167,0.8333,0.3123,0.0401,0.0000,0.0761,0.0582,0.0000,9
combined_shift,current_target_only_greedy,6,24,0.8333,0.1523,0.9583,0.8750,0.2766,0.0308,0.0000,0.0710,0.0777,0.0000,7
combined_shift,current_target_only_greedy,7,24,0.8333,0.1523,0.9583,0.8750,0.3272,0.0338,0.0000,0.0686,0.0760,0.0000,6
combined_shift,future_distribution_mpc,0,24,0.6667,0.1927,0.8333,0.8333,0.3185,0.0416,0.0536,0.0714,0.0718,0.0000,8
combined_shift,future_distribution_mpc,1,24,0.7500,0.1770,0.8750,0.8750,0.3095,0.0392,0.0559,0.0752,0.0762,0.0000,8
combined_shift,future_distribution_mpc,2,24,0.6667,0.1927,0.9583,0.7083,0.3005,0.0445,0.0498,0.0653,0.0727,0.0000,9
combined_shift,future_distribution_mpc,3,24,0.8333,0.1523,0.9583,0.8333,0.2926,0.0405,0.0530,0.0704,0.0697,0.0000,9
combined_shift,future_distribution_mpc,4,24,0.9167,0.1130,0.9583,0.9167,0.2849,0.0420,0.0533,0.0711,0.0780,0.0000,10
combined_shift,future_distribution_mpc,5,24,0.7500,0.1770,0.9167,0.8333,0.3142,0.0407,0.0554,0.0760,0.0596,0.0000,8
combined_shift,future_distribution_mpc,6,24,0.8333,0.1523,0.9583,0.8750,0.2750,0.0304,0.0528,0.0709,0.0787,0.0000,7
combined_shift,future_distribution_mpc,7,24,0.8333,0.1523,0.9583,0.8750,0.3267,0.0338,0.0519,0.0683,0.0770,0.0000,7
combined_shift,greedy_reach_mpc,0,24,0.6667,0.1927,0.8333,0.8333,0.3186,0.0415,0.0000,0.0715,0.0718,0.0000,8
combined_shift,greedy_reach_mpc,1,24,0.7500,0.1770,0.8750,0.8750,0.3090,0.0394,0.0000,0.0754,0.0749,0.0000,7
combined_shift,greedy_reach_mpc,2,24,0.6667,0.1927,0.9583,0.7083,0.3005,0.0446,0.0000,0.0655,0.0714,0.0000,8
combined_shift,greedy_reach_mpc,3,24,0.8333,0.1523,0.9583,0.8333,0.2940,0.0412,0.0000,0.0706,0.0679,0.0000,7
combined_shift,greedy_reach_mpc,4,24,0.9167,0.1130,0.9583,0.9167,0.2846,0.0417,0.0000,0.0718,0.0749,0.0000,10
combined_shift,greedy_reach_mpc,5,24,0.7500,0.1770,0.9167,0.8333,0.3123,0.0401,0.0000,0.0761,0.0582,0.0000,9
combined_shift,greedy_reach_mpc,6,24,0.8333,0.1523,0.9583,0.8750,0.2766,0.0308,0.0000,0.0710,0.0777,0.0000,7
combined_shift,greedy_reach_mpc,7,24,0.8333,0.1523,0.9583,0.8750,0.3272,0.0338,0.0000,0.0686,0.0760,0.0000,6
combined_shift,learned_linear_debt_proxy,0,24,0.6667,0.1927,0.8333,0.8333,0.3189,0.0413,0.0528,0.0711,0.0735,0.0000,10
combined_shift,learned_linear_debt_proxy,1,24,0.7500,0.1770,0.8750,0.8750,0.3061,0.0396,0.0541,0.0750,0.0775,0.0000,11
combined_shift,learned_linear_debt_proxy,2,24,0.7083,0.1858,0.9583,0.7500,0.3040,0.0454,0.0491,0.0654,0.0784,0.0000,8
combined_shift,learned_linear_debt_proxy,3,24,0.8750,0.1352,0.9583,0.9167,0.2920,0.0407,0.0513,0.0700,0.0703,0.0000,11
combined_shift,learned_linear_debt_proxy,4,24,0.8750,0.1352,0.9583,0.8750,0.2877,0.0428,0.0518,0.0709,0.0807,0.0000,9
combined_shift,learned_linear_debt_proxy,5,24,0.7083,0.1858,0.8750,0.8333,0.3147,0.0401,0.0536,0.0758,0.0616,0.0000,11
combined_shift,learned_linear_debt_proxy,6,24,0.8333,0.1523,0.9583,0.8750,0.2722,0.0306,0.0516,0.0708,0.0787,0.0000,9
combined_shift,learned_linear_debt_proxy,7,24,0.8333,0.1523,0.9583,0.8750,0.3233,0.0329,0.0506,0.0679,0.0807,0.0000,9
combined_shift,oracle_two_step_mpc,0,24,0.7500,0.1770,0.8333,0.9167,0.3140,0.0419,0.0000,0.0714,0.0680,0.0000,8
combined_shift,oracle_two_step_mpc,1,24,0.7917,0.1660,0.8750,0.9167,0.3026,0.0398,0.0000,0.0753,0.0729,0.0000,7
combined_shift,oracle_two_step_mpc,2,24,0.7917,0.1660,0.9583,0.8333,0.2958,0.0441,0.0000,0.0652,0.0737,0.0000,9
combined_shift,oracle_two_step_mpc,3,24,0.8750,0.1352,0.9583,0.8750,0.2841,0.0409,0.0000,0.0702,0.0616,0.0000,8
combined_shift,oracle_two_step_mpc,4,24,0.8750,0.1352,0.9167,0.9583,0.2756,0.0412,0.0000,0.0716,0.0693,0.0000,7
combined_shift,oracle_two_step_mpc,5,24,0.7500,0.1770,0.9167,0.8333,0.3033,0.0399,0.0000,0.0764,0.0480,0.0000,7
combined_shift,oracle_two_step_mpc,6,24,0.8750,0.1352,0.9583,0.9167,0.2676,0.0299,0.0000,0.0717,0.0732,0.0000,9
combined_shift,oracle_two_step_mpc,7,24,0.7917,0.1660,0.9167,0.8750,0.3160,0.0323,0.0000,0.0689,0.0666,0.0000,7
combined_shift,random_posture,0,24,0.4583,0.2036,0.5417,0.9167,0.4346,0.0684,0.0000,0.0681,0.0741,0.0000,13
combined_shift,random_posture,1,24,0.5417,0.2036,0.5833,0.9167,0.3912,0.0664,0.0000,0.0725,0.0809,0.0000,13
combined_shift,random_posture,2,24,0.6667,0.1927,0.7917,0.8750,0.3704,0.0602,0.0000,0.0659,0.0777,0.0000,14
combined_shift,random_posture,3,24,0.6250,0.1979,0.7500,0.8750,0.3719,0.0610,0.0000,0.0674,0.0776,0.0000,13
combined_shift,random_posture,4,24,0.6250,0.1979,0.7500,0.8750,0.3922,0.0847,0.0000,0.0691,0.0752,0.0000,13
combined_shift,random_posture,5,24,0.5833,0.2015,0.7500,0.8333,0.4307,0.0912,0.0000,0.0778,0.0616,0.0000,13
combined_shift,random_posture,6,24,0.7083,0.1858,0.7917,0.9167,0.3540,0.0644,0.0000,0.0701,0.0807,0.0000,13
combined_shift,random_posture,7,24,0.5000,0.2043,0.5000,0.8750,0.5120,0.1020,0.0000,0.0675,0.0825,0.0000,13
combined_shift,robust_balance_mpc,0,24,0.6667,0.1927,0.8333,0.8333,0.3190,0.0419,0.0000,0.0713,0.0723,0.0000,8
combined_shift,robust_balance_mpc,1,24,0.7500,0.1770,0.8750,0.8750,0.3081,0.0396,0.0000,0.0753,0.0761,0.0000,8
combined_shift,robust_balance_mpc,2,24,0.6667,0.1927,0.9583,0.7083,0.3005,0.0447,0.0000,0.0653,0.0737,0.0000,8
combined_shift,robust_balance_mpc,3,24,0.8333,0.1523,0.9583,0.8333,0.2923,0.0415,0.0000,0.0706,0.0694,0.0000,7
combined_shift,robust_balance_mpc,4,24,0.9167,0.1130,0.9583,0.9167,0.2834,0.0420,0.0000,0.0716,0.0759,0.0000,9
combined_shift,robust_balance_mpc,5,24,0.7083,0.1858,0.8750,0.8333,0.3135,0.0410,0.0000,0.0761,0.0609,0.0000,10
combined_shift,robust_balance_mpc,6,24,0.8333,0.1523,0.9583,0.8750,0.2744,0.0299,0.0000,0.0708,0.0788,0.0000,6
combined_shift,robust_balance_mpc,7,24,0.8333,0.1523,0.9583,0.8750,0.3258,0.0334,0.0000,0.0684,0.0771,0.0000,6
high_lateral_payload,arm_only_reach,0,24,0.0417,0.0817,0.2083,0.3333,0.6023,0.0352,0.0000,0.1491,0.0690,0.0000,1
high_lateral_payload,arm_only_reach,1,24,0.1250,0.1352,0.1667,0.5417,0.5591,0.0547,0.0000,0.1394,0.0686,0.0000,1
high_lateral_payload,arm_only_reach,2,24,0.1667,0.1523,0.4167,0.3750,0.5375,0.0358,0.0000,0.1429,0.0663,0.0000,1
high_lateral_payload,arm_only_reach,3,24,0.0417,0.0817,0.1667,0.5417,0.5744,0.0368,0.0000,0.1470,0.0663,0.0000,1
high_lateral_payload,arm_only_reach,4,24,0.0000,0.0000,0.3750,0.2917,0.5584,0.0277,0.0000,0.1373,0.0677,0.0000,1
high_lateral_payload,arm_only_reach,5,24,0.0833,0.1130,0.3750,0.4167,0.5545,0.0431,0.0000,0.1402,0.0676,0.0000,1
high_lateral_payload,arm_only_reach,6,24,0.0833,0.1130,0.2500,0.5000,0.5670,0.0457,0.0000,0.1409,0.0677,0.0000,1
high_lateral_payload,arm_only_reach,7,24,0.0417,0.0817,0.2083,0.3333,0.6000,0.0414,0.0000,0.1403,0.0677,0.0000,1
high_lateral_payload,bar_mpc_no_online,0,24,0.0417,0.0817,0.5000,0.1667,0.5933,0.0359,0.1194,0.1542,0.0426,0.0000,2
high_lateral_payload,bar_mpc_no_online,1,24,0.2500,0.1770,0.3333,0.3333,0.5506,0.0534,0.1127,0.1447,0.0428,0.0000,2
high_lateral_payload,bar_mpc_no_online,2,24,0.0833,0.1130,0.7917,0.1250,0.5280,0.0346,0.1146,0.1483,0.0423,0.0000,2
high_lateral_payload,bar_mpc_no_online,3,24,0.1250,0.1352,0.3750,0.2917,0.5594,0.0379,0.1190,0.1517,0.0421,0.0000,2
high_lateral_payload,bar_mpc_no_online,4,24,0.0417,0.0817,0.5417,0.2500,0.5481,0.0272,0.1146,0.1421,0.0450,0.0000,2
high_lateral_payload,bar_mpc_no_online,5,24,0.1250,0.1352,0.6250,0.2083,0.5469,0.0447,0.1160,0.1450,0.0433,0.0000,2
high_lateral_payload,bar_mpc_no_online,6,24,0.1250,0.1352,0.5417,0.2917,0.5553,0.0458,0.1150,0.1460,0.0445,0.0000,2
high_lateral_payload,bar_mpc_no_online,7,24,0.0417,0.0817,0.4167,0.0833,0.5872,0.0440,0.1135,0.1452,0.0397,0.0000,3
high_lateral_payload,bar_mpc_v5,0,24,0.0417,0.0817,0.5000,0.1667,0.5933,0.0359,0.1194,0.1542,0.0426,0.0000,2
high_lateral_payload,bar_mpc_v5,1,24,0.2500,0.1770,0.3333,0.3333,0.5506,0.0534,0.1127,0.1447,0.0428,0.0000,2
high_lateral_payload,bar_mpc_v5,2,24,0.0833,0.1130,0.7917,0.1250,0.5280,0.0346,0.1146,0.1483,0.0423,0.0000,2
high_lateral_payload,bar_mpc_v5,3,24,0.1250,0.1352,0.3750,0.2917,0.5594,0.0379,0.1190,0.1517,0.0421,0.0000,2
high_lateral_payload,bar_mpc_v5,4,24,0.0417,0.0817,0.5417,0.2500,0.5481,0.0272,0.1146,0.1421,0.0450,0.0000,2
high_lateral_payload,bar_mpc_v5,5,24,0.1250,0.1352,0.6250,0.2083,0.5469,0.0447,0.1160,0.1450,0.0433,0.0000,2
high_lateral_payload,bar_mpc_v5,6,24,0.1250,0.1352,0.5417,0.2917,0.5553,0.0458,0.1150,0.1460,0.0445,0.0000,2
high_lateral_payload,bar_mpc_v5,7,24,0.0417,0.0817,0.4167,0.0833,0.5872,0.0440,0.1135,0.1452,0.0397,0.0000,3
high_lateral_payload,comfort_regularized_mpc,0,24,0.0417,0.0817,0.5000,0.1667,0.5947,0.0362,0.0000,0.1543,0.0402,0.0000,2
high_lateral_payload,comfort_regularized_mpc,1,24,0.2500,0.1770,0.3750,0.2917,0.5525,0.0531,0.0000,0.1447,0.0389,0.0000,2
high_lateral_payload,comfort_regularized_mpc,2,24,0.0833,0.1130,0.8333,0.1250,0.5302,0.0346,0.0000,0.1486,0.0362,0.0000,2
high_lateral_payload,comfort_regularized_mpc,3,24,0.0833,0.1130,0.3750,0.2500,0.5598,0.0375,0.0000,0.1517,0.0377,0.0000,2
high_lateral_payload,comfort_regularized_mpc,4,24,0.0417,0.0817,0.5417,0.2083,0.5508,0.0270,0.0000,0.1422,0.0387,0.0000,2
high_lateral_payload,comfort_regularized_mpc,5,24,0.1250,0.1352,0.6250,0.2083,0.5494,0.0445,0.0000,0.1451,0.0380,0.0000,1
high_lateral_payload,comfort_regularized_mpc,6,24,0.1250,0.1352,0.5833,0.2917,0.5566,0.0464,0.0000,0.1462,0.0379,0.0000,2
high_lateral_payload,comfort_regularized_mpc,7,24,0.0833,0.1130,0.4583,0.0833,0.5885,0.0443,0.0000,0.1452,0.0360,0.0000,2
high_lateral_payload,current_target_only_greedy,0,24,0.0417,0.0817,0.5000,0.1667,0.5963,0.0361,0.0000,0.1543,0.0371,0.0000,1
high_lateral_payload,current_target_only_greedy,1,24,0.2500,0.1770,0.3750,0.2917,0.5525,0.0531,0.0000,0.1447,0.0389,0.0000,2
high_lateral_payload,current_target_only_greedy,2,24,0.0833,0.1130,0.8333,0.1250,0.5311,0.0341,0.0000,0.1487,0.0354,0.0000,1
high_lateral_payload,current_target_only_greedy,3,24,0.0833,0.1130,0.3750,0.2500,0.5611,0.0376,0.0000,0.1516,0.0355,0.0000,2
high_lateral_payload,current_target_only_greedy,4,24,0.0417,0.0817,0.5417,0.2083,0.5517,0.0269,0.0000,0.1422,0.0377,0.0000,2
high_lateral_payload,current_target_only_greedy,5,24,0.1250,0.1352,0.6250,0.2083,0.5494,0.0445,0.0000,0.1451,0.0380,0.0000,1
high_lateral_payload,current_target_only_greedy,6,24,0.1250,0.1352,0.5833,0.2917,0.5574,0.0467,0.0000,0.1462,0.0368,0.0000,2
high_lateral_payload,current_target_only_greedy,7,24,0.0833,0.1130,0.4583,0.0833,0.5893,0.0442,0.0000,0.1453,0.0353,0.0000,2
high_lateral_payload,future_distribution_mpc,0,24,0.0417,0.0817,0.5000,0.1667,0.5956,0.0359,0.1195,0.1543,0.0381,0.0000,2
high_lateral_payload,future_distribution_mpc,1,24,0.2500,0.1770,0.3750,0.2917,0.5525,0.0531,0.1129,0.1447,0.0389,0.0000,2
high_lateral_payload,future_distribution_mpc,2,24,0.0833,0.1130,0.8333,0.1250,0.5302,0.0346,0.1151,0.1486,0.0362,0.0000,2
high_lateral_payload,future_distribution_mpc,3,24,0.0833,0.1130,0.3750,0.2500,0.5605,0.0376,0.1191,0.1516,0.0366,0.0000,2
high_lateral_payload,future_distribution_mpc,4,24,0.0417,0.0817,0.5417,0.2083,0.5508,0.0270,0.1148,0.1422,0.0387,0.0000,2
high_lateral_payload,future_distribution_mpc,5,24,0.1250,0.1352,0.6250,0.2083,0.5494,0.0445,0.1163,0.1451,0.0380,0.0000,1
high_lateral_payload,future_distribution_mpc,6,24,0.1250,0.1352,0.5833,0.2917,0.5566,0.0464,0.1152,0.1462,0.0379,0.0000,2
high_lateral_payload,future_distribution_mpc,7,24,0.0833,0.1130,0.4583,0.0833,0.5885,0.0443,0.1137,0.1452,0.0360,0.0000,2
high_lateral_payload,greedy_reach_mpc,0,24,0.0417,0.0817,0.5000,0.1667,0.5963,0.0361,0.0000,0.1543,0.0371,0.0000,1
high_lateral_payload,greedy_reach_mpc,1,24,0.2500,0.1770,0.3750,0.2917,0.5525,0.0531,0.0000,0.1447,0.0389,0.0000,2
high_lateral_payload,greedy_reach_mpc,2,24,0.0833,0.1130,0.8333,0.1250,0.5311,0.0341,0.0000,0.1487,0.0354,0.0000,1
high_lateral_payload,greedy_reach_mpc,3,24,0.0833,0.1130,0.3750,0.2500,0.5611,0.0376,0.0000,0.1516,0.0355,0.0000,2
high_lateral_payload,greedy_reach_mpc,4,24,0.0417,0.0817,0.5417,0.2083,0.5517,0.0269,0.0000,0.1422,0.0377,0.0000,2
high_lateral_payload,greedy_reach_mpc,5,24,0.1250,0.1352,0.6250,0.2083,0.5494,0.0445,0.0000,0.1451,0.0380,0.0000,1
high_lateral_payload,greedy_reach_mpc,6,24,0.1250,0.1352,0.5833,0.2917,0.5574,0.0467,0.0000,0.1462,0.0368,0.0000,2
high_lateral_payload,greedy_reach_mpc,7,24,0.0833,0.1130,0.4583,0.0833,0.5893,0.0442,0.0000,0.1453,0.0353,0.0000,2
high_lateral_payload,learned_linear_debt_proxy,0,24,0.0417,0.0817,0.5000,0.1667,0.5940,0.0361,0.1151,0.1543,0.0413,0.0000,2
high_lateral_payload,learned_linear_debt_proxy,1,24,0.2500,0.1770,0.3333,0.3333,0.5509,0.0533,0.1091,0.1447,0.0419,0.0000,2
high_lateral_payload,learned_linear_debt_proxy,2,24,0.1250,0.1352,0.7917,0.1667,0.5274,0.0350,0.1117,0.1483,0.0421,0.0000,3
high_lateral_payload,learned_linear_debt_proxy,3,24,0.1250,0.1352,0.3750,0.2917,0.5591,0.0379,0.1158,0.1517,0.0386,0.0000,2
high_lateral_payload,learned_linear_debt_proxy,4,24,0.0417,0.0817,0.5417,0.2500,0.5487,0.0273,0.1109,0.1421,0.0434,0.0000,2
high_lateral_payload,learned_linear_debt_proxy,5,24,0.1250,0.1352,0.6250,0.2083,0.5473,0.0446,0.1122,0.1450,0.0419,0.0000,2
high_lateral_payload,learned_linear_debt_proxy,6,24,0.1250,0.1352,0.5833,0.2917,0.5551,0.0458,0.1110,0.1461,0.0427,0.0000,2
high_lateral_payload,learned_linear_debt_proxy,7,24,0.0417,0.0817,0.4167,0.0833,0.5873,0.0440,0.1100,0.1452,0.0390,0.0000,3
high_lateral_payload,oracle_two_step_mpc,0,24,0.0417,0.0817,0.4167,0.2917,0.5908,0.0358,0.0000,0.1526,0.0478,0.0000,5
high_lateral_payload,oracle_two_step_mpc,1,24,0.2083,0.1660,0.2917,0.3750,0.5474,0.0541,0.0000,0.1435,0.0536,0.0000,5
high_lateral_payload,oracle_two_step_mpc,2,24,0.1667,0.1523,0.7500,0.2500,0.5254,0.0354,0.0000,0.1466,0.0434,0.0000,7
high_lateral_payload,oracle_two_step_mpc,3,24,0.1250,0.1352,0.3750,0.3750,0.5570,0.0380,0.0000,0.1511,0.0438,0.0000,4
high_lateral_payload,oracle_two_step_mpc,4,24,0.0417,0.0817,0.5000,0.3333,0.5449,0.0280,0.0000,0.1405,0.0476,0.0000,6
high_lateral_payload,oracle_two_step_mpc,5,24,0.1250,0.1352,0.5833,0.2917,0.5430,0.0441,0.0000,0.1435,0.0486,0.0000,5
high_lateral_payload,oracle_two_step_mpc,6,24,0.1250,0.1352,0.5000,0.3333,0.5532,0.0460,0.0000,0.1447,0.0449,0.0000,5
high_lateral_payload,oracle_two_step_mpc,7,24,0.0417,0.0817,0.3750,0.1250,0.5856,0.0436,0.0000,0.1443,0.0433,0.0000,4
high_lateral_payload,random_posture,0,24,0.0833,0.1130,0.2917,0.3333,0.6388,0.0607,0.0000,0.1470,0.0547,0.0000,12
high_lateral_payload,random_posture,1,24,0.1667,0.1523,0.2083,0.5833,0.5592,0.0537,0.0000,0.1396,0.0545,0.0000,8
high_lateral_payload,random_posture,2,24,0.0833,0.1130,0.2500,0.2500,0.6854,0.0862,0.0000,0.1341,0.0608,0.0000,13
high_lateral_payload,random_posture,3,24,0.0417,0.0817,0.1250,0.5417,0.6623,0.0669,0.0000,0.1403,0.0549,0.0000,12
high_lateral_payload,random_posture,4,24,0.0000,0.0000,0.2500,0.4167,0.6859,0.0782,0.0000,0.1290,0.0548,0.0000,10
high_lateral_payload,random_posture,5,24,0.0417,0.0817,0.3333,0.3750,0.6645,0.0991,0.0000,0.1338,0.0632,0.0000,12
high_lateral_payload,random_posture,6,24,0.0833,0.1130,0.2500,0.4583,0.6559,0.0764,0.0000,0.1365,0.0584,0.0000,12
high_lateral_payload,random_posture,7,24,0.0417,0.0817,0.2500,0.3333,0.6734,0.0685,0.0000,0.1360,0.0533,0.0000,14
high_lateral_payload,robust_balance_mpc,0,24,0.0417,0.0817,0.5000,0.1667,0.5931,0.0358,0.0000,0.1542,0.0433,0.0000,2
high_lateral_payload,robust_balance_mpc,1,24,0.2500,0.1770,0.3333,0.3333,0.5499,0.0536,0.0000,0.1446,0.0444,0.0000,2
high_lateral_payload,robust_balance_mpc,2,24,0.0833,0.1130,0.7500,0.1250,0.5279,0.0347,0.0000,0.1483,0.0437,0.0000,2
high_lateral_payload,robust_balance_mpc,3,24,0.1250,0.1352,0.3750,0.2917,0.5591,0.0378,0.0000,0.1517,0.0429,0.0000,2
high_lateral_payload,robust_balance_mpc,4,24,0.0417,0.0817,0.5417,0.2500,0.5482,0.0272,0.0000,0.1421,0.0459,0.0000,2
high_lateral_payload,robust_balance_mpc,5,24,0.1250,0.1352,0.6250,0.2083,0.5458,0.0444,0.0000,0.1449,0.0462,0.0000,2
high_lateral_payload,robust_balance_mpc,6,24,0.1250,0.1352,0.5000,0.2917,0.5556,0.0457,0.0000,0.1460,0.0474,0.0000,2
high_lateral_payload,robust_balance_mpc,7,24,0.0417,0.0817,0.4167,0.0833,0.5870,0.0437,0.0000,0.1451,0.0412,0.0000,3
high_reach,arm_only_reach,0,24,1.0000,0.0000,1.0000,1.0000,0.2194,0.0286,0.0000,0.0472,0.1328,0.0000,1
high_reach,arm_only_reach,1,24,0.9583,0.0817,0.9583,1.0000,0.2565,0.0270,0.0000,0.0415,0.1362,0.0000,1
high_reach,arm_only_reach,2,24,0.9583,0.0817,0.9583,1.0000,0.2389,0.0275,0.0000,0.0458,0.1380,0.0000,1
high_reach,arm_only_reach,3,24,1.0000,0.0000,1.0000,1.0000,0.2149,0.0269,0.0000,0.0440,0.1370,0.0000,1
high_reach,arm_only_reach,4,24,1.0000,0.0000,1.0000,1.0000,0.2597,0.0312,0.0000,0.0454,0.1386,0.0000,1
high_reach,arm_only_reach,5,24,1.0000,0.0000,1.0000,1.0000,0.2566,0.0234,0.0000,0.0461,0.1379,0.0000,1
high_reach,arm_only_reach,6,24,0.9167,0.1130,0.9167,1.0000,0.2342,0.0347,0.0000,0.0462,0.1369,0.0000,1
high_reach,arm_only_reach,7,24,0.9583,0.0817,0.9583,1.0000,0.2692,0.0269,0.0000,0.0448,0.1384,0.0000,1
high_reach,bar_mpc_no_online,0,24,1.0000,0.0000,1.0000,1.0000,0.1920,0.0263,0.0392,0.0509,0.1346,0.0000,7
high_reach,bar_mpc_no_online,1,24,1.0000,0.0000,1.0000,1.0000,0.2223,0.0266,0.0360,0.0468,0.1321,0.0000,5
high_reach,bar_mpc_no_online,2,24,1.0000,0.0000,1.0000,1.0000,0.1950,0.0259,0.0397,0.0518,0.1388,0.0000,6
high_reach,bar_mpc_no_online,3,24,1.0000,0.0000,1.0000,1.0000,0.1908,0.0224,0.0360,0.0476,0.1428,0.0000,7
high_reach,bar_mpc_no_online,4,24,1.0000,0.0000,1.0000,1.0000,0.2298,0.0272,0.0381,0.0490,0.1406,0.0000,8
high_reach,bar_mpc_no_online,5,24,1.0000,0.0000,1.0000,1.0000,0.2166,0.0211,0.0423,0.0522,0.1430,0.0000,5
high_reach,bar_mpc_no_online,6,24,1.0000,0.0000,1.0000,1.0000,0.1957,0.0291,0.0402,0.0504,0.1381,0.0000,7
high_reach,bar_mpc_no_online,7,24,1.0000,0.0000,1.0000,1.0000,0.2366,0.0218,0.0378,0.0497,0.1367,0.0000,5
high_reach,bar_mpc_v5,0,24,1.0000,0.0000,1.0000,1.0000,0.1920,0.0263,0.0392,0.0509,0.1346,0.0000,7
high_reach,bar_mpc_v5,1,24,1.0000,0.0000,1.0000,1.0000,0.2223,0.0266,0.0360,0.0468,0.1321,0.0000,5
high_reach,bar_mpc_v5,2,24,1.0000,0.0000,1.0000,1.0000,0.1950,0.0259,0.0397,0.0518,0.1388,0.0000,6
high_reach,bar_mpc_v5,3,24,1.0000,0.0000,1.0000,1.0000,0.1908,0.0224,0.0360,0.0476,0.1428,0.0000,7
high_reach,bar_mpc_v5,4,24,1.0000,0.0000,1.0000,1.0000,0.2298,0.0272,0.0381,0.0490,0.1406,0.0000,8
high_reach,bar_mpc_v5,5,24,1.0000,0.0000,1.0000,1.0000,0.2166,0.0211,0.0423,0.0522,0.1430,0.0000,5
high_reach,bar_mpc_v5,6,24,1.0000,0.0000,1.0000,1.0000,0.1957,0.0291,0.0402,0.0504,0.1381,0.0000,7
high_reach,bar_mpc_v5,7,24,1.0000,0.0000,1.0000,1.0000,0.2366,0.0218,0.0378,0.0497,0.1367,0.0000,5
high_reach,comfort_regularized_mpc,0,24,1.0000,0.0000,1.0000,1.0000,0.1919,0.0264,0.0000,0.0511,0.1344,0.0000,7
high_reach,comfort_regularized_mpc,1,24,1.0000,0.0000,1.0000,1.0000,0.2212,0.0261,0.0000,0.0475,0.1312,0.0000,5
high_reach,comfort_regularized_mpc,2,24,1.0000,0.0000,1.0000,1.0000,0.1943,0.0259,0.0000,0.0523,0.1392,0.0000,5
high_reach,comfort_regularized_mpc,3,24,1.0000,0.0000,1.0000,1.0000,0.1909,0.0229,0.0000,0.0483,0.1452,0.0000,7
high_reach,comfort_regularized_mpc,4,24,1.0000,0.0000,1.0000,1.0000,0.2298,0.0272,0.0000,0.0490,0.1406,0.0000,8
high_reach,comfort_regularized_mpc,5,24,1.0000,0.0000,1.0000,1.0000,0.2165,0.0210,0.0000,0.0526,0.1426,0.0000,5
high_reach,comfort_regularized_mpc,6,24,1.0000,0.0000,1.0000,1.0000,0.1953,0.0289,0.0000,0.0507,0.1371,0.0000,7
high_reach,comfort_regularized_mpc,7,24,1.0000,0.0000,1.0000,1.0000,0.2373,0.0210,0.0000,0.0504,0.1361,0.0000,6
high_reach,current_target_only_greedy,0,24,1.0000,0.0000,1.0000,1.0000,0.1912,0.0266,0.0000,0.0518,0.1336,0.0000,6
high_reach,current_target_only_greedy,1,24,1.0000,0.0000,1.0000,1.0000,0.2211,0.0260,0.0000,0.0481,0.1285,0.0000,5
high_reach,current_target_only_greedy,2,24,1.0000,0.0000,1.0000,1.0000,0.1940,0.0256,0.0000,0.0530,0.1397,0.0000,5
high_reach,current_target_only_greedy,3,24,1.0000,0.0000,1.0000,1.0000,0.1931,0.0235,0.0000,0.0489,0.1441,0.0000,9
high_reach,current_target_only_greedy,4,24,1.0000,0.0000,1.0000,1.0000,0.2314,0.0276,0.0000,0.0499,0.1418,0.0000,9
high_reach,current_target_only_greedy,5,24,1.0000,0.0000,1.0000,1.0000,0.2162,0.0207,0.0000,0.0529,0.1423,0.0000,5
high_reach,current_target_only_greedy,6,24,1.0000,0.0000,1.0000,1.0000,0.1953,0.0292,0.0000,0.0511,0.1368,0.0000,8
high_reach,current_target_only_greedy,7,24,1.0000,0.0000,1.0000,1.0000,0.2381,0.0205,0.0000,0.0517,0.1361,0.0000,6
high_reach,future_distribution_mpc,0,24,1.0000,0.0000,1.0000,1.0000,0.1920,0.0263,0.0392,0.0509,0.1346,0.0000,7
high_reach,future_distribution_mpc,1,24,1.0000,0.0000,1.0000,1.0000,0.2217,0.0265,0.0364,0.0473,0.1318,0.0000,5
high_reach,future_distribution_mpc,2,24,1.0000,0.0000,1.0000,1.0000,0.1946,0.0260,0.0399,0.0519,0.1390,0.0000,6
high_reach,future_distribution_mpc,3,24,1.0000,0.0000,1.0000,1.0000,0.1905,0.0227,0.0361,0.0477,0.1440,0.0000,7
high_reach,future_distribution_mpc,4,24,1.0000,0.0000,1.0000,1.0000,0.2298,0.0272,0.0381,0.0490,0.1406,0.0000,8
high_reach,future_distribution_mpc,5,24,1.0000,0.0000,1.0000,1.0000,0.2166,0.0211,0.0423,0.0522,0.1430,0.0000,5
high_reach,future_distribution_mpc,6,24,1.0000,0.0000,1.0000,1.0000,0.1953,0.0289,0.0406,0.0507,0.1371,0.0000,7
high_reach,future_distribution_mpc,7,24,1.0000,0.0000,1.0000,1.0000,0.2366,0.0218,0.0378,0.0497,0.1367,0.0000,5
high_reach,greedy_reach_mpc,0,24,1.0000,0.0000,1.0000,1.0000,0.1912,0.0266,0.0000,0.0518,0.1336,0.0000,6
high_reach,greedy_reach_mpc,1,24,1.0000,0.0000,1.0000,1.0000,0.2211,0.0260,0.0000,0.0481,0.1285,0.0000,5
high_reach,greedy_reach_mpc,2,24,1.0000,0.0000,1.0000,1.0000,0.1940,0.0256,0.0000,0.0530,0.1397,0.0000,5
high_reach,greedy_reach_mpc,3,24,1.0000,0.0000,1.0000,1.0000,0.1931,0.0235,0.0000,0.0489,0.1441,0.0000,9
high_reach,greedy_reach_mpc,4,24,1.0000,0.0000,1.0000,1.0000,0.2314,0.0276,0.0000,0.0499,0.1418,0.0000,9
high_reach,greedy_reach_mpc,5,24,1.0000,0.0000,1.0000,1.0000,0.2162,0.0207,0.0000,0.0529,0.1423,0.0000,5
high_reach,greedy_reach_mpc,6,24,1.0000,0.0000,1.0000,1.0000,0.1953,0.0292,0.0000,0.0511,0.1368,0.0000,8
high_reach,greedy_reach_mpc,7,24,1.0000,0.0000,1.0000,1.0000,0.2381,0.0205,0.0000,0.0517,0.1361,0.0000,6
high_reach,learned_linear_debt_proxy,0,24,1.0000,0.0000,1.0000,1.0000,0.1938,0.0258,0.0388,0.0507,0.1367,0.0000,6
high_reach,learned_linear_debt_proxy,1,24,1.0000,0.0000,1.0000,1.0000,0.2229,0.0271,0.0356,0.0464,0.1331,0.0000,5
high_reach,learned_linear_debt_proxy,2,24,1.0000,0.0000,1.0000,1.0000,0.1945,0.0258,0.0395,0.0515,0.1386,0.0000,4
high_reach,learned_linear_debt_proxy,3,24,1.0000,0.0000,1.0000,1.0000,0.1942,0.0240,0.0348,0.0465,0.1442,0.0000,6
high_reach,learned_linear_debt_proxy,4,24,1.0000,0.0000,1.0000,1.0000,0.2299,0.0272,0.0378,0.0487,0.1408,0.0000,8
high_reach,learned_linear_debt_proxy,5,24,1.0000,0.0000,1.0000,1.0000,0.2167,0.0212,0.0417,0.0517,0.1422,0.0000,5
high_reach,learned_linear_debt_proxy,6,24,1.0000,0.0000,1.0000,1.0000,0.1970,0.0286,0.0401,0.0502,0.1389,0.0000,6
high_reach,learned_linear_debt_proxy,7,24,1.0000,0.0000,1.0000,1.0000,0.2371,0.0216,0.0377,0.0496,0.1369,0.0000,5
high_reach,oracle_two_step_mpc,0,24,1.0000,0.0000,1.0000,1.0000,0.1890,0.0261,0.0000,0.0525,0.1300,0.0000,8
high_reach,oracle_two_step_mpc,1,24,1.0000,0.0000,1.0000,1.0000,0.2187,0.0261,0.0000,0.0480,0.1274,0.0000,6
high_reach,oracle_two_step_mpc,2,24,1.0000,0.0000,1.0000,1.0000,0.1922,0.0252,0.0000,0.0522,0.1388,0.0000,4
high_reach,oracle_two_step_mpc,3,24,1.0000,0.0000,1.0000,1.0000,0.1875,0.0226,0.0000,0.0488,0.1403,0.0000,7
high_reach,oracle_two_step_mpc,4,24,1.0000,0.0000,1.0000,1.0000,0.2291,0.0272,0.0000,0.0505,0.1361,0.0000,8
high_reach,oracle_two_step_mpc,5,24,1.0000,0.0000,1.0000,1.0000,0.2161,0.0208,0.0000,0.0529,0.1422,0.0000,5
high_reach,oracle_two_step_mpc,6,24,1.0000,0.0000,1.0000,1.0000,0.1941,0.0291,0.0000,0.0515,0.1362,0.0000,6
high_reach,oracle_two_step_mpc,7,24,1.0000,0.0000,1.0000,1.0000,0.2316,0.0211,0.0000,0.0510,0.1297,0.0000,6
high_reach,random_posture,0,24,0.7500,0.1770,0.7500,1.0000,0.2941,0.0578,0.0000,0.0503,0.1298,0.0000,13
high_reach,random_posture,1,24,0.5417,0.2036,0.5417,1.0000,0.3610,0.0561,0.0000,0.0456,0.1348,0.0000,15
high_reach,random_posture,2,24,0.7083,0.1858,0.7083,1.0000,0.3281,0.0493,0.0000,0.0477,0.1348,0.0000,14
high_reach,random_posture,3,24,0.9167,0.1130,0.9167,1.0000,0.2639,0.0467,0.0000,0.0471,0.1346,0.0000,13
high_reach,random_posture,4,24,0.5417,0.2036,0.5417,1.0000,0.3906,0.0602,0.0000,0.0506,0.1266,0.0000,14
high_reach,random_posture,5,24,0.7083,0.1858,0.7083,1.0000,0.3209,0.0429,0.0000,0.0484,0.1339,0.0000,13
high_reach,random_posture,6,24,0.7500,0.1770,0.7500,1.0000,0.3190,0.0522,0.0000,0.0493,0.1332,0.0000,14
high_reach,random_posture,7,24,0.7083,0.1858,0.7083,1.0000,0.3420,0.0486,0.0000,0.0489,0.1247,0.0000,11
high_reach,robust_balance_mpc,0,24,1.0000,0.0000,1.0000,1.0000,0.1919,0.0264,0.0000,0.0511,0.1344,0.0000,7
high_reach,robust_balance_mpc,1,24,1.0000,0.0000,1.0000,1.0000,0.2212,0.0261,0.0000,0.0475,0.1312,0.0000,5
high_reach,robust_balance_mpc,2,24,1.0000,0.0000,1.0000,1.0000,0.1943,0.0259,0.0000,0.0523,0.1392,0.0000,5
high_reach,robust_balance_mpc,3,24,1.0000,0.0000,1.0000,1.0000,0.1909,0.0229,0.0000,0.0483,0.1452,0.0000,7
high_reach,robust_balance_mpc,4,24,1.0000,0.0000,1.0000,1.0000,0.2298,0.0272,0.0000,0.0490,0.1406,0.0000,8
high_reach,robust_balance_mpc,5,24,1.0000,0.0000,1.0000,1.0000,0.2165,0.0210,0.0000,0.0526,0.1426,0.0000,5
high_reach,robust_balance_mpc,6,24,1.0000,0.0000,1.0000,1.0000,0.1953,0.0289,0.0000,0.0507,0.1371,0.0000,7
high_reach,robust_balance_mpc,7,24,1.0000,0.0000,1.0000,1.0000,0.2358,0.0204,0.0000,0.0510,0.1347,0.0000,5
lateral_reach,arm_only_reach,0,24,0.2917,0.1858,0.3333,0.6250,0.4555,0.0522,0.0000,0.0609,0.1266,0.0000,1
lateral_reach,arm_only_reach,1,24,0.2917,0.1858,0.5417,0.4583,0.4868,0.0491,0.0000,0.0638,0.1264,0.0000,1
lateral_reach,arm_only_reach,2,24,0.4583,0.2036,0.5000,0.8333,0.4455,0.0525,0.0000,0.0634,0.1240,0.0000,1
lateral_reach,arm_only_reach,3,24,0.3333,0.1927,0.5000,0.6250,0.4602,0.0492,0.0000,0.0671,0.1264,0.0000,1
lateral_reach,arm_only_reach,4,24,0.3333,0.1927,0.5000,0.6250,0.4523,0.0494,0.0000,0.0626,0.1284,0.0000,1
lateral_reach,arm_only_reach,5,24,0.2500,0.1770,0.5417,0.4583,0.4770,0.0418,0.0000,0.0632,0.1313,0.0000,1
lateral_reach,arm_only_reach,6,24,0.3750,0.1979,0.5000,0.7083,0.4624,0.0417,0.0000,0.0628,0.1286,0.0000,1
lateral_reach,arm_only_reach,7,24,0.5000,0.2043,0.6667,0.6250,0.4296,0.0437,0.0000,0.0651,0.1265,0.0000,1
lateral_reach,bar_mpc_no_online,0,24,0.4167,0.2015,0.5000,0.6250,0.4273,0.0538,0.0510,0.0651,0.1263,0.0000,6
lateral_reach,bar_mpc_no_online,1,24,0.4167,0.2015,0.6667,0.5417,0.4531,0.0488,0.0519,0.0676,0.1232,0.0000,6
lateral_reach,bar_mpc_no_online,2,24,0.5417,0.2036,0.6250,0.8333,0.4145,0.0488,0.0525,0.0666,0.1206,0.0000,5
lateral_reach,bar_mpc_no_online,3,24,0.4167,0.2015,0.6667,0.5833,0.4313,0.0503,0.0556,0.0705,0.1319,0.0000,6
lateral_reach,bar_mpc_no_online,4,24,0.5000,0.2043,0.7500,0.6250,0.4220,0.0491,0.0508,0.0663,0.1298,0.0000,6
lateral_reach,bar_mpc_no_online,5,24,0.3750,0.1979,0.7083,0.4583,0.4498,0.0401,0.0524,0.0665,0.1330,0.0000,6
lateral_reach,bar_mpc_no_online,6,24,0.4583,0.2036,0.7083,0.7083,0.4339,0.0415,0.0514,0.0671,0.1349,0.0000,7
lateral_reach,bar_mpc_no_online,7,24,0.4583,0.2036,0.7500,0.5833,0.3978,0.0426,0.0530,0.0683,0.1288,0.0000,6
lateral_reach,bar_mpc_v5,0,24,0.4167,0.2015,0.5000,0.6250,0.4273,0.0538,0.0510,0.0651,0.1263,0.0000,6
lateral_reach,bar_mpc_v5,1,24,0.4167,0.2015,0.6667,0.5417,0.4531,0.0488,0.0519,0.0676,0.1232,0.0000,6
lateral_reach,bar_mpc_v5,2,24,0.5417,0.2036,0.6250,0.8333,0.4145,0.0488,0.0525,0.0666,0.1206,0.0000,5
lateral_reach,bar_mpc_v5,3,24,0.4167,0.2015,0.6667,0.5833,0.4313,0.0503,0.0556,0.0705,0.1319,0.0000,6
lateral_reach,bar_mpc_v5,4,24,0.5000,0.2043,0.7500,0.6250,0.4220,0.0491,0.0508,0.0663,0.1298,0.0000,6
lateral_reach,bar_mpc_v5,5,24,0.3750,0.1979,0.7083,0.4583,0.4498,0.0401,0.0524,0.0665,0.1330,0.0000,6
lateral_reach,bar_mpc_v5,6,24,0.4583,0.2036,0.7083,0.7083,0.4339,0.0415,0.0514,0.0671,0.1349,0.0000,7
lateral_reach,bar_mpc_v5,7,24,0.4583,0.2036,0.7500,0.5833,0.3978,0.0426,0.0530,0.0683,0.1288,0.0000,6
lateral_reach,comfort_regularized_mpc,0,24,0.4167,0.2015,0.5000,0.6250,0.4267,0.0541,0.0000,0.0652,0.1257,0.0000,6
lateral_reach,comfort_regularized_mpc,1,24,0.4167,0.2015,0.6667,0.5000,0.4534,0.0489,0.0000,0.0682,0.1231,0.0000,6
lateral_reach,comfort_regularized_mpc,2,24,0.5833,0.2015,0.6250,0.8750,0.4143,0.0489,0.0000,0.0668,0.1210,0.0000,5
lateral_reach,comfort_regularized_mpc,3,24,0.4167,0.2015,0.6667,0.5833,0.4319,0.0503,0.0000,0.0712,0.1293,0.0000,7
lateral_reach,comfort_regularized_mpc,4,24,0.5000,0.2043,0.7500,0.6250,0.4217,0.0492,0.0000,0.0665,0.1291,0.0000,6
lateral_reach,comfort_regularized_mpc,5,24,0.3750,0.1979,0.7500,0.4167,0.4500,0.0401,0.0000,0.0669,0.1333,0.0000,6
lateral_reach,comfort_regularized_mpc,6,24,0.4583,0.2036,0.7083,0.7083,0.4348,0.0416,0.0000,0.0679,0.1344,0.0000,7
lateral_reach,comfort_regularized_mpc,7,24,0.4583,0.2036,0.7500,0.5833,0.3969,0.0421,0.0000,0.0690,0.1283,0.0000,7
lateral_reach,current_target_only_greedy,0,24,0.4167,0.2015,0.5000,0.6250,0.4268,0.0541,0.0000,0.0655,0.1249,0.0000,6
lateral_reach,current_target_only_greedy,1,24,0.4167,0.2015,0.6667,0.5000,0.4545,0.0491,0.0000,0.0685,0.1252,0.0000,5
lateral_reach,current_target_only_greedy,2,24,0.5833,0.2015,0.6250,0.8750,0.4169,0.0478,0.0000,0.0676,0.1191,0.0000,5
lateral_reach,current_target_only_greedy,3,24,0.4167,0.2015,0.6667,0.5833,0.4320,0.0502,0.0000,0.0713,0.1300,0.0000,6
lateral_reach,current_target_only_greedy,4,24,0.5000,0.2043,0.7500,0.6250,0.4217,0.0492,0.0000,0.0665,0.1291,0.0000,6
lateral_reach,current_target_only_greedy,5,24,0.3750,0.1979,0.7500,0.4167,0.4500,0.0401,0.0000,0.0669,0.1333,0.0000,6
lateral_reach,current_target_only_greedy,6,24,0.4583,0.2036,0.7083,0.7083,0.4343,0.0417,0.0000,0.0680,0.1335,0.0000,7
lateral_reach,current_target_only_greedy,7,24,0.4583,0.2036,0.7500,0.5833,0.3962,0.0422,0.0000,0.0693,0.1270,0.0000,6
lateral_reach,future_distribution_mpc,0,24,0.4167,0.2015,0.5000,0.6250,0.4273,0.0538,0.0510,0.0651,0.1263,0.0000,6
lateral_reach,future_distribution_mpc,1,24,0.4167,0.2015,0.6667,0.5417,0.4531,0.0488,0.0519,0.0676,0.1232,0.0000,6
lateral_reach,future_distribution_mpc,2,24,0.5417,0.2036,0.6250,0.8333,0.4145,0.0488,0.0525,0.0666,0.1206,0.0000,5
lateral_reach,future_distribution_mpc,3,24,0.4167,0.2015,0.6667,0.5833,0.4313,0.0503,0.0556,0.0705,0.1319,0.0000,6
lateral_reach,future_distribution_mpc,4,24,0.5000,0.2043,0.7500,0.6250,0.4220,0.0491,0.0508,0.0663,0.1298,0.0000,6
lateral_reach,future_distribution_mpc,5,24,0.3750,0.1979,0.7083,0.4583,0.4498,0.0401,0.0524,0.0665,0.1330,0.0000,6
lateral_reach,future_distribution_mpc,6,24,0.4583,0.2036,0.7083,0.7083,0.4339,0.0415,0.0514,0.0671,0.1349,0.0000,7
lateral_reach,future_distribution_mpc,7,24,0.4583,0.2036,0.7500,0.5833,0.3978,0.0426,0.0530,0.0683,0.1288,0.0000,6
lateral_reach,greedy_reach_mpc,0,24,0.4167,0.2015,0.5000,0.6250,0.4268,0.0541,0.0000,0.0655,0.1249,0.0000,6
lateral_reach,greedy_reach_mpc,1,24,0.4167,0.2015,0.6667,0.5000,0.4545,0.0491,0.0000,0.0685,0.1252,0.0000,5
lateral_reach,greedy_reach_mpc,2,24,0.5833,0.2015,0.6250,0.8750,0.4169,0.0478,0.0000,0.0676,0.1191,0.0000,5
lateral_reach,greedy_reach_mpc,3,24,0.4167,0.2015,0.6667,0.5833,0.4320,0.0502,0.0000,0.0713,0.1300,0.0000,6
lateral_reach,greedy_reach_mpc,4,24,0.5000,0.2043,0.7500,0.6250,0.4217,0.0492,0.0000,0.0665,0.1291,0.0000,6
lateral_reach,greedy_reach_mpc,5,24,0.3750,0.1979,0.7500,0.4167,0.4500,0.0401,0.0000,0.0669,0.1333,0.0000,6
lateral_reach,greedy_reach_mpc,6,24,0.4583,0.2036,0.7083,0.7083,0.4343,0.0417,0.0000,0.0680,0.1335,0.0000,7
lateral_reach,greedy_reach_mpc,7,24,0.4583,0.2036,0.7500,0.5833,0.3962,0.0422,0.0000,0.0693,0.1270,0.0000,6
lateral_reach,learned_linear_debt_proxy,0,24,0.4167,0.2015,0.4583,0.6667,0.4307,0.0534,0.0493,0.0636,0.1266,0.0000,6
lateral_reach,learned_linear_debt_proxy,1,24,0.4167,0.2015,0.6667,0.5417,0.4550,0.0499,0.0510,0.0669,0.1228,0.0000,6
lateral_reach,learned_linear_debt_proxy,2,24,0.5417,0.2036,0.6250,0.8333,0.4157,0.0485,0.0518,0.0659,0.1203,0.0000,6
lateral_reach,learned_linear_debt_proxy,3,24,0.4167,0.2015,0.6667,0.5833,0.4322,0.0496,0.0550,0.0700,0.1320,0.0000,5
lateral_reach,learned_linear_debt_proxy,4,24,0.5000,0.2043,0.7500,0.6250,0.4230,0.0490,0.0500,0.0656,0.1289,0.0000,6
lateral_reach,learned_linear_debt_proxy,5,24,0.3750,0.1979,0.7083,0.4583,0.4510,0.0411,0.0515,0.0658,0.1321,0.0000,6
lateral_reach,learned_linear_debt_proxy,6,24,0.4583,0.2036,0.6667,0.7083,0.4370,0.0423,0.0501,0.0660,0.1355,0.0000,6
lateral_reach,learned_linear_debt_proxy,7,24,0.4583,0.2036,0.7500,0.5833,0.3979,0.0422,0.0524,0.0678,0.1291,0.0000,6
lateral_reach,oracle_two_step_mpc,0,24,0.4583,0.2036,0.5000,0.6667,0.4234,0.0536,0.0000,0.0650,0.1185,0.0000,5
lateral_reach,oracle_two_step_mpc,1,24,0.4167,0.2015,0.6667,0.5000,0.4519,0.0488,0.0000,0.0680,0.1186,0.0000,6
lateral_reach,oracle_two_step_mpc,2,24,0.5833,0.2015,0.6250,0.8750,0.4125,0.0487,0.0000,0.0668,0.1179,0.0000,4
lateral_reach,oracle_two_step_mpc,3,24,0.4583,0.2036,0.6667,0.6250,0.4269,0.0497,0.0000,0.0708,0.1261,0.0000,4
lateral_reach,oracle_two_step_mpc,4,24,0.4583,0.2036,0.7083,0.6250,0.4196,0.0491,0.0000,0.0669,0.1243,0.0000,5
lateral_reach,oracle_two_step_mpc,5,24,0.4167,0.2015,0.7500,0.5000,0.4472,0.0402,0.0000,0.0671,0.1275,0.0000,5
lateral_reach,oracle_two_step_mpc,6,24,0.4583,0.2036,0.7083,0.7500,0.4324,0.0414,0.0000,0.0674,0.1321,0.0000,7
lateral_reach,oracle_two_step_mpc,7,24,0.4583,0.2036,0.7500,0.5833,0.3943,0.0418,0.0000,0.0689,0.1256,0.0000,5
lateral_reach,random_posture,0,24,0.2917,0.1858,0.3333,0.6667,0.5200,0.0794,0.0000,0.0629,0.1226,0.0000,11
lateral_reach,random_posture,1,24,0.1667,0.1523,0.3333,0.5000,0.5451,0.0677,0.0000,0.0674,0.1194,0.0000,12
lateral_reach,random_posture,2,24,0.4583,0.2036,0.5417,0.7917,0.4623,0.0562,0.0000,0.0664,0.1226,0.0000,12
lateral_reach,random_posture,3,24,0.3750,0.1979,0.4583,0.5833,0.5164,0.0676,0.0000,0.0704,0.1259,0.0000,13
lateral_reach,random_posture,4,24,0.1667,0.1523,0.3333,0.5833,0.5138,0.0572,0.0000,0.0661,0.1190,0.0000,10
lateral_reach,random_posture,5,24,0.2083,0.1660,0.2917,0.4167,0.5847,0.0664,0.0000,0.0685,0.1193,0.0000,9
lateral_reach,random_posture,6,24,0.2500,0.1770,0.3750,0.6667,0.5407,0.0593,0.0000,0.0619,0.1249,0.0000,13
lateral_reach,random_posture,7,24,0.3333,0.1927,0.4583,0.5833,0.5157,0.0793,0.0000,0.0676,0.1236,0.0000,15
lateral_reach,robust_balance_mpc,0,24,0.4167,0.2015,0.5000,0.6250,0.4267,0.0541,0.0000,0.0652,0.1257,0.0000,6
lateral_reach,robust_balance_mpc,1,24,0.4167,0.2015,0.6667,0.5000,0.4536,0.0489,0.0000,0.0683,0.1239,0.0000,6
lateral_reach,robust_balance_mpc,2,24,0.5833,0.2015,0.6250,0.8750,0.4143,0.0489,0.0000,0.0668,0.1210,0.0000,5
lateral_reach,robust_balance_mpc,3,24,0.4167,0.2015,0.6667,0.5833,0.4319,0.0503,0.0000,0.0712,0.1293,0.0000,7
lateral_reach,robust_balance_mpc,4,24,0.5000,0.2043,0.7500,0.6250,0.4217,0.0492,0.0000,0.0665,0.1291,0.0000,6
lateral_reach,robust_balance_mpc,5,24,0.3750,0.1979,0.7500,0.4167,0.4500,0.0401,0.0000,0.0669,0.1333,0.0000,6
lateral_reach,robust_balance_mpc,6,24,0.4583,0.2036,0.7083,0.7083,0.4348,0.0416,0.0000,0.0679,0.1344,0.0000,7
lateral_reach,robust_balance_mpc,7,24,0.4583,0.2036,0.7500,0.5833,0.3969,0.0421,0.0000,0.0690,0.1283,0.0000,7
narrow_support,arm_only_reach,0,24,0.4583,0.2036,0.7500,0.6250,0.4190,0.0354,0.0000,0.0642,0.0923,0.0000,1
narrow_support,arm_only_reach,1,24,0.5833,0.2015,0.7500,0.7500,0.3817,0.0338,0.0000,0.0632,0.0832,0.0000,1
narrow_support,arm_only_reach,2,24,0.3750,0.1979,0.6667,0.5833,0.4119,0.0411,0.0000,0.0608,0.0808,0.0000,1
narrow_support,arm_only_reach,3,24,0.5000,0.2043,0.6667,0.7500,0.4166,0.0284,0.0000,0.0614,0.0826,0.0000,1
narrow_support,arm_only_reach,4,24,0.3750,0.1979,0.5833,0.6667,0.4185,0.0367,0.0000,0.0654,0.0898,0.0000,1
narrow_support,arm_only_reach,5,24,0.7083,0.1858,0.7917,0.8333,0.3826,0.0314,0.0000,0.0627,0.0813,0.0000,1
narrow_support,arm_only_reach,6,24,0.4167,0.2015,0.5417,0.7500,0.4205,0.0377,0.0000,0.0639,0.0853,0.0000,1
narrow_support,arm_only_reach,7,24,0.6250,0.1979,0.8333,0.7500,0.3908,0.0364,0.0000,0.0646,0.0823,0.0000,1
narrow_support,bar_mpc_no_online,0,24,0.5000,0.2043,0.7917,0.6250,0.3960,0.0369,0.0510,0.0672,0.0819,0.0000,7
narrow_support,bar_mpc_no_online,1,24,0.6667,0.1927,0.8750,0.7917,0.3607,0.0353,0.0530,0.0669,0.0811,0.0000,8
narrow_support,bar_mpc_no_online,2,24,0.4167,0.2015,0.7500,0.5833,0.3873,0.0401,0.0481,0.0644,0.0774,0.0000,6
narrow_support,bar_mpc_no_online,3,24,0.6250,0.1979,0.8333,0.7500,0.4007,0.0301,0.0494,0.0638,0.0853,0.0000,7
narrow_support,bar_mpc_no_online,4,24,0.4583,0.2036,0.7083,0.6667,0.4017,0.0379,0.0531,0.0694,0.0831,0.0000,5
narrow_support,bar_mpc_no_online,5,24,0.7917,0.1660,0.9167,0.8333,0.3656,0.0319,0.0476,0.0648,0.0778,0.0000,7
narrow_support,bar_mpc_no_online,6,24,0.5000,0.2043,0.6250,0.7500,0.4049,0.0388,0.0503,0.0665,0.0822,0.0000,7
narrow_support,bar_mpc_no_online,7,24,0.6250,0.1979,0.8333,0.7500,0.3584,0.0408,0.0530,0.0679,0.0772,0.0000,7
narrow_support,bar_mpc_v5,0,24,0.5000,0.2043,0.7917,0.6250,0.3960,0.0369,0.0510,0.0672,0.0819,0.0000,7
narrow_support,bar_mpc_v5,1,24,0.6667,0.1927,0.8750,0.7917,0.3607,0.0353,0.0530,0.0669,0.0811,0.0000,8
narrow_support,bar_mpc_v5,2,24,0.4167,0.2015,0.7500,0.5833,0.3873,0.0401,0.0481,0.0644,0.0774,0.0000,6
narrow_support,bar_mpc_v5,3,24,0.6250,0.1979,0.8333,0.7500,0.4007,0.0301,0.0494,0.0638,0.0853,0.0000,7
narrow_support,bar_mpc_v5,4,24,0.4583,0.2036,0.7083,0.6667,0.4017,0.0379,0.0531,0.0694,0.0831,0.0000,5
narrow_support,bar_mpc_v5,5,24,0.7917,0.1660,0.9167,0.8333,0.3656,0.0319,0.0476,0.0648,0.0778,0.0000,7
narrow_support,bar_mpc_v5,6,24,0.5000,0.2043,0.6250,0.7500,0.4049,0.0388,0.0503,0.0665,0.0822,0.0000,7
narrow_support,bar_mpc_v5,7,24,0.6250,0.1979,0.8333,0.7500,0.3584,0.0408,0.0530,0.0679,0.0772,0.0000,7
narrow_support,comfort_regularized_mpc,0,24,0.5000,0.2043,0.7917,0.6250,0.3953,0.0366,0.0000,0.0674,0.0804,0.0000,7
narrow_support,comfort_regularized_mpc,1,24,0.6667,0.1927,0.8750,0.7917,0.3608,0.0352,0.0000,0.0670,0.0814,0.0000,8
narrow_support,comfort_regularized_mpc,2,24,0.4167,0.2015,0.7500,0.5833,0.3875,0.0401,0.0000,0.0650,0.0771,0.0000,6
narrow_support,comfort_regularized_mpc,3,24,0.6250,0.1979,0.8333,0.7500,0.4007,0.0303,0.0000,0.0641,0.0837,0.0000,7
narrow_support,comfort_regularized_mpc,4,24,0.4583,0.2036,0.7083,0.6667,0.4018,0.0380,0.0000,0.0695,0.0834,0.0000,6
narrow_support,comfort_regularized_mpc,5,24,0.7917,0.1660,0.9167,0.8333,0.3651,0.0321,0.0000,0.0649,0.0775,0.0000,7
narrow_support,comfort_regularized_mpc,6,24,0.5000,0.2043,0.6250,0.7500,0.4054,0.0383,0.0000,0.0670,0.0817,0.0000,8
narrow_support,comfort_regularized_mpc,7,24,0.6250,0.1979,0.8333,0.7500,0.3574,0.0405,0.0000,0.0682,0.0777,0.0000,6
narrow_support,current_target_only_greedy,0,24,0.5417,0.2036,0.8333,0.6250,0.3951,0.0366,0.0000,0.0676,0.0805,0.0000,6
narrow_support,current_target_only_greedy,1,24,0.6667,0.1927,0.8750,0.7917,0.3614,0.0352,0.0000,0.0675,0.0861,0.0000,6
narrow_support,current_target_only_greedy,2,24,0.4167,0.2015,0.7500,0.5833,0.3876,0.0401,0.0000,0.0650,0.0771,0.0000,6
narrow_support,current_target_only_greedy,3,24,0.6250,0.1979,0.8333,0.7500,0.4008,0.0303,0.0000,0.0643,0.0831,0.0000,7
narrow_support,current_target_only_greedy,4,24,0.4583,0.2036,0.7083,0.6667,0.4027,0.0383,0.0000,0.0702,0.0827,0.0000,7
narrow_support,current_target_only_greedy,5,24,0.7917,0.1660,0.9167,0.8333,0.3657,0.0320,0.0000,0.0650,0.0767,0.0000,7
narrow_support,current_target_only_greedy,6,24,0.5000,0.2043,0.6250,0.7500,0.4072,0.0384,0.0000,0.0677,0.0810,0.0000,8
narrow_support,current_target_only_greedy,7,24,0.6250,0.1979,0.8333,0.7500,0.3580,0.0407,0.0000,0.0686,0.0793,0.0000,7
narrow_support,future_distribution_mpc,0,24,0.5000,0.2043,0.7917,0.6250,0.3960,0.0369,0.0510,0.0672,0.0819,0.0000,7
narrow_support,future_distribution_mpc,1,24,0.6667,0.1927,0.8750,0.7917,0.3608,0.0352,0.0531,0.0670,0.0814,0.0000,8
narrow_support,future_distribution_mpc,2,24,0.4167,0.2015,0.7500,0.5833,0.3873,0.0401,0.0481,0.0644,0.0774,0.0000,6
narrow_support,future_distribution_mpc,3,24,0.6250,0.1979,0.8333,0.7500,0.4012,0.0302,0.0496,0.0640,0.0845,0.0000,7
narrow_support,future_distribution_mpc,4,24,0.4583,0.2036,0.7083,0.6667,0.4017,0.0379,0.0531,0.0694,0.0831,0.0000,5
narrow_support,future_distribution_mpc,5,24,0.7917,0.1660,0.9167,0.8333,0.3656,0.0319,0.0476,0.0648,0.0778,0.0000,7
narrow_support,future_distribution_mpc,6,24,0.5000,0.2043,0.6250,0.7500,0.4048,0.0388,0.0506,0.0667,0.0828,0.0000,7
narrow_support,future_distribution_mpc,7,24,0.6250,0.1979,0.8333,0.7500,0.3584,0.0408,0.0530,0.0679,0.0772,0.0000,7
narrow_support,greedy_reach_mpc,0,24,0.5417,0.2036,0.8333,0.6250,0.3951,0.0366,0.0000,0.0676,0.0805,0.0000,6
narrow_support,greedy_reach_mpc,1,24,0.6667,0.1927,0.8750,0.7917,0.3614,0.0352,0.0000,0.0675,0.0861,0.0000,6
narrow_support,greedy_reach_mpc,2,24,0.4167,0.2015,0.7500,0.5833,0.3876,0.0401,0.0000,0.0650,0.0771,0.0000,6
narrow_support,greedy_reach_mpc,3,24,0.6250,0.1979,0.8333,0.7500,0.4008,0.0303,0.0000,0.0643,0.0831,0.0000,7
narrow_support,greedy_reach_mpc,4,24,0.4583,0.2036,0.7083,0.6667,0.4027,0.0383,0.0000,0.0702,0.0827,0.0000,7
narrow_support,greedy_reach_mpc,5,24,0.7917,0.1660,0.9167,0.8333,0.3657,0.0320,0.0000,0.0650,0.0767,0.0000,7
narrow_support,greedy_reach_mpc,6,24,0.5000,0.2043,0.6250,0.7500,0.4072,0.0384,0.0000,0.0677,0.0810,0.0000,8
narrow_support,greedy_reach_mpc,7,24,0.6250,0.1979,0.8333,0.7500,0.3580,0.0407,0.0000,0.0686,0.0793,0.0000,7
narrow_support,learned_linear_debt_proxy,0,24,0.4583,0.2036,0.7500,0.6250,0.3986,0.0369,0.0501,0.0665,0.0849,0.0000,6
narrow_support,learned_linear_debt_proxy,1,24,0.6667,0.1927,0.8750,0.7917,0.3612,0.0355,0.0519,0.0658,0.0822,0.0000,7
narrow_support,learned_linear_debt_proxy,2,24,0.4167,0.2015,0.7500,0.5833,0.3891,0.0399,0.0473,0.0637,0.0793,0.0000,7
narrow_support,learned_linear_debt_proxy,3,24,0.6250,0.1979,0.7917,0.7500,0.4035,0.0303,0.0485,0.0630,0.0869,0.0000,6
narrow_support,learned_linear_debt_proxy,4,24,0.4583,0.2036,0.7083,0.6667,0.4023,0.0378,0.0523,0.0687,0.0823,0.0000,6
narrow_support,learned_linear_debt_proxy,5,24,0.7917,0.1660,0.9167,0.8333,0.3659,0.0321,0.0472,0.0645,0.0783,0.0000,7
narrow_support,learned_linear_debt_proxy,6,24,0.5000,0.2043,0.6250,0.7500,0.4056,0.0387,0.0500,0.0662,0.0831,0.0000,6
narrow_support,learned_linear_debt_proxy,7,24,0.6250,0.1979,0.8333,0.7500,0.3600,0.0407,0.0524,0.0674,0.0795,0.0000,7
narrow_support,oracle_two_step_mpc,0,24,0.5000,0.2043,0.7917,0.6250,0.3948,0.0365,0.0000,0.0679,0.0786,0.0000,6
narrow_support,oracle_two_step_mpc,1,24,0.6667,0.1927,0.8750,0.7917,0.3587,0.0352,0.0000,0.0671,0.0769,0.0000,8
narrow_support,oracle_two_step_mpc,2,24,0.4167,0.2015,0.7500,0.5833,0.3870,0.0400,0.0000,0.0651,0.0758,0.0000,5
narrow_support,oracle_two_step_mpc,3,24,0.5833,0.2015,0.7917,0.7500,0.3988,0.0299,0.0000,0.0646,0.0815,0.0000,5
narrow_support,oracle_two_step_mpc,4,24,0.4583,0.2036,0.7083,0.6667,0.4001,0.0383,0.0000,0.0695,0.0814,0.0000,5
narrow_support,oracle_two_step_mpc,5,24,0.7917,0.1660,0.9167,0.8333,0.3635,0.0322,0.0000,0.0659,0.0746,0.0000,7
narrow_support,oracle_two_step_mpc,6,24,0.5000,0.2043,0.6250,0.7500,0.4024,0.0384,0.0000,0.0672,0.0775,0.0000,7
narrow_support,oracle_two_step_mpc,7,24,0.6667,0.1927,0.8333,0.7917,0.3567,0.0405,0.0000,0.0685,0.0782,0.0000,6
narrow_support,random_posture,0,24,0.3750,0.1979,0.5000,0.6667,0.4794,0.0477,0.0000,0.0650,0.0857,0.0000,15
narrow_support,random_posture,1,24,0.3333,0.1927,0.5000,0.7500,0.4603,0.0585,0.0000,0.0651,0.0807,0.0000,13
narrow_support,random_posture,2,24,0.2917,0.1858,0.5417,0.5417,0.4397,0.0501,0.0000,0.0638,0.0839,0.0000,12
narrow_support,random_posture,3,24,0.5000,0.2043,0.5833,0.7500,0.4651,0.0476,0.0000,0.0658,0.0809,0.0000,14
narrow_support,random_posture,4,24,0.3750,0.1979,0.5000,0.6667,0.4840,0.0626,0.0000,0.0674,0.0795,0.0000,14
narrow_support,random_posture,5,24,0.5417,0.2036,0.6667,0.7917,0.4263,0.0528,0.0000,0.0644,0.0781,0.0000,10
narrow_support,random_posture,6,24,0.3750,0.1979,0.4583,0.6667,0.4706,0.0582,0.0000,0.0659,0.0782,0.0000,14
narrow_support,random_posture,7,24,0.4583,0.2036,0.5833,0.7500,0.4538,0.0486,0.0000,0.0659,0.0806,0.0000,12
narrow_support,robust_balance_mpc,0,24,0.5000,0.2043,0.7917,0.6250,0.3953,0.0366,0.0000,0.0674,0.0804,0.0000,7
narrow_support,robust_balance_mpc,1,24,0.6667,0.1927,0.8750,0.7917,0.3610,0.0351,0.0000,0.0670,0.0844,0.0000,7
narrow_support,robust_balance_mpc,2,24,0.4167,0.2015,0.7500,0.5833,0.3875,0.0401,0.0000,0.0650,0.0771,0.0000,6
narrow_support,robust_balance_mpc,3,24,0.6250,0.1979,0.8333,0.7500,0.4007,0.0303,0.0000,0.0641,0.0837,0.0000,7
narrow_support,robust_balance_mpc,4,24,0.4583,0.2036,0.7083,0.6667,0.4018,0.0380,0.0000,0.0695,0.0834,0.0000,6
narrow_support,robust_balance_mpc,5,24,0.7917,0.1660,0.9167,0.8333,0.3651,0.0321,0.0000,0.0649,0.0775,0.0000,7
narrow_support,robust_balance_mpc,6,24,0.5000,0.2043,0.6250,0.7500,0.4057,0.0384,0.0000,0.0670,0.0823,0.0000,8
narrow_support,robust_balance_mpc,7,24,0.6250,0.1979,0.8333,0.7500,0.3574,0.0405,0.0000,0.0682,0.0777,0.0000,6
nominal,arm_only_reach,0,24,0.4583,0.2036,0.5833,0.7917,0.4352,0.0289,0.0000,0.0558,0.1460,0.0000,1
nominal,arm_only_reach,1,24,0.6250,0.1979,0.6250,0.9167,0.4051,0.0367,0.0000,0.0575,0.1481,0.0000,1
nominal,arm_only_reach,2,24,0.2500,0.1770,0.4583,0.7500,0.4201,0.0285,0.0000,0.0553,0.1460,0.0000,1
nominal,arm_only_reach,3,24,0.4167,0.2015,0.6250,0.6667,0.4147,0.0391,0.0000,0.0583,0.1479,0.0000,1
nominal,arm_only_reach,4,24,0.7083,0.1858,0.8750,0.8333,0.3613,0.0308,0.0000,0.0560,0.1463,0.0000,1
nominal,arm_only_reach,5,24,0.7083,0.1858,0.7500,0.8750,0.4076,0.0356,0.0000,0.0589,0.1490,0.0000,1
nominal,arm_only_reach,6,24,0.5417,0.2036,0.6250,0.7917,0.4153,0.0304,0.0000,0.0557,0.1483,0.0000,1
nominal,arm_only_reach,7,24,0.2917,0.1858,0.4583,0.7500,0.4354,0.0317,0.0000,0.0567,0.1492,0.0000,1
nominal,bar_mpc_no_online,0,24,0.5417,0.2036,0.7083,0.7917,0.4141,0.0283,0.0468,0.0592,0.1481,0.0000,4
nominal,bar_mpc_no_online,1,24,0.6667,0.1927,0.7083,0.9167,0.3786,0.0354,0.0472,0.0614,0.1495,0.0000,5
nominal,bar_mpc_no_online,2,24,0.4167,0.2015,0.6250,0.7500,0.3941,0.0288,0.0464,0.0596,0.1532,0.0000,5
nominal,bar_mpc_no_online,3,24,0.5417,0.2036,0.7917,0.6667,0.3889,0.0396,0.0493,0.0627,0.1535,0.0000,4
nominal,bar_mpc_no_online,4,24,0.8333,0.1523,0.9583,0.8750,0.3362,0.0300,0.0470,0.0594,0.1471,0.0000,5
nominal,bar_mpc_no_online,5,24,0.7500,0.1770,0.7917,0.8750,0.3886,0.0349,0.0473,0.0618,0.1527,0.0000,5
nominal,bar_mpc_no_online,6,24,0.6250,0.1979,0.7083,0.8750,0.3926,0.0311,0.0477,0.0606,0.1554,0.0000,5
nominal,bar_mpc_no_online,7,24,0.4167,0.2015,0.5833,0.7917,0.4127,0.0301,0.0472,0.0604,0.1543,0.0000,4
nominal,bar_mpc_v5,0,24,0.5417,0.2036,0.7083,0.7917,0.4141,0.0283,0.0468,0.0592,0.1481,0.0000,4
nominal,bar_mpc_v5,1,24,0.6667,0.1927,0.7083,0.9167,0.3786,0.0354,0.0472,0.0614,0.1495,0.0000,5
nominal,bar_mpc_v5,2,24,0.4167,0.2015,0.6250,0.7500,0.3941,0.0288,0.0464,0.0596,0.1532,0.0000,5
nominal,bar_mpc_v5,3,24,0.5417,0.2036,0.7917,0.6667,0.3889,0.0396,0.0493,0.0627,0.1535,0.0000,4
nominal,bar_mpc_v5,4,24,0.8333,0.1523,0.9583,0.8750,0.3362,0.0300,0.0470,0.0594,0.1471,0.0000,5
nominal,bar_mpc_v5,5,24,0.7500,0.1770,0.7917,0.8750,0.3886,0.0349,0.0473,0.0618,0.1527,0.0000,5
nominal,bar_mpc_v5,6,24,0.6250,0.1979,0.7083,0.8750,0.3926,0.0311,0.0477,0.0606,0.1554,0.0000,5
nominal,bar_mpc_v5,7,24,0.4167,0.2015,0.5833,0.7917,0.4127,0.0301,0.0472,0.0604,0.1543,0.0000,4
nominal,comfort_regularized_mpc,0,24,0.5417,0.2036,0.7083,0.7917,0.4142,0.0283,0.0000,0.0600,0.1480,0.0000,4
nominal,comfort_regularized_mpc,1,24,0.6667,0.1927,0.7083,0.9167,0.3786,0.0354,0.0000,0.0614,0.1495,0.0000,5
nominal,comfort_regularized_mpc,2,24,0.4167,0.2015,0.6250,0.7500,0.3941,0.0288,0.0000,0.0596,0.1532,0.0000,5
nominal,comfort_regularized_mpc,3,24,0.5417,0.2036,0.7917,0.6667,0.3890,0.0397,0.0000,0.0629,0.1535,0.0000,4
nominal,comfort_regularized_mpc,4,24,0.8333,0.1523,0.9583,0.8750,0.3361,0.0301,0.0000,0.0599,0.1460,0.0000,5
nominal,comfort_regularized_mpc,5,24,0.7500,0.1770,0.7917,0.8750,0.3886,0.0349,0.0000,0.0620,0.1532,0.0000,6
nominal,comfort_regularized_mpc,6,24,0.6250,0.1979,0.7083,0.8750,0.3917,0.0314,0.0000,0.0613,0.1534,0.0000,4
nominal,comfort_regularized_mpc,7,24,0.4167,0.2015,0.5833,0.7917,0.4123,0.0302,0.0000,0.0607,0.1535,0.0000,4
nominal,current_target_only_greedy,0,24,0.5417,0.2036,0.7083,0.7917,0.4153,0.0284,0.0000,0.0612,0.1474,0.0000,4
nominal,current_target_only_greedy,1,24,0.6667,0.1927,0.7083,0.9167,0.3784,0.0357,0.0000,0.0627,0.1485,0.0000,4
nominal,current_target_only_greedy,2,24,0.4583,0.2036,0.6250,0.7917,0.3950,0.0287,0.0000,0.0604,0.1548,0.0000,5
nominal,current_target_only_greedy,3,24,0.5417,0.2036,0.7917,0.6667,0.3890,0.0397,0.0000,0.0629,0.1535,0.0000,4
nominal,current_target_only_greedy,4,24,0.8333,0.1523,0.9583,0.8750,0.3364,0.0300,0.0000,0.0606,0.1459,0.0000,4
nominal,current_target_only_greedy,5,24,0.7500,0.1770,0.7917,0.8750,0.3891,0.0348,0.0000,0.0626,0.1532,0.0000,6
nominal,current_target_only_greedy,6,24,0.6250,0.1979,0.7083,0.8750,0.3917,0.0313,0.0000,0.0617,0.1533,0.0000,4
nominal,current_target_only_greedy,7,24,0.4167,0.2015,0.5833,0.7917,0.4140,0.0302,0.0000,0.0617,0.1536,0.0000,4
nominal,future_distribution_mpc,0,24,0.5417,0.2036,0.7083,0.7917,0.4141,0.0283,0.0468,0.0592,0.1481,0.0000,4
nominal,future_distribution_mpc,1,24,0.6667,0.1927,0.7083,0.9167,0.3786,0.0354,0.0472,0.0614,0.1495,0.0000,5
nominal,future_distribution_mpc,2,24,0.4167,0.2015,0.6250,0.7500,0.3941,0.0288,0.0464,0.0596,0.1532,0.0000,5
nominal,future_distribution_mpc,3,24,0.5417,0.2036,0.7917,0.6667,0.3889,0.0396,0.0493,0.0627,0.1535,0.0000,4
nominal,future_distribution_mpc,4,24,0.8333,0.1523,0.9583,0.8750,0.3362,0.0300,0.0470,0.0594,0.1471,0.0000,5
nominal,future_distribution_mpc,5,24,0.7500,0.1770,0.7917,0.8750,0.3886,0.0349,0.0473,0.0618,0.1527,0.0000,5
nominal,future_distribution_mpc,6,24,0.6250,0.1979,0.7083,0.8750,0.3926,0.0311,0.0477,0.0606,0.1554,0.0000,5
nominal,future_distribution_mpc,7,24,0.4167,0.2015,0.5833,0.7917,0.4126,0.0301,0.0469,0.0603,0.1543,0.0000,4
nominal,greedy_reach_mpc,0,24,0.5417,0.2036,0.7083,0.7917,0.4153,0.0284,0.0000,0.0612,0.1474,0.0000,4
nominal,greedy_reach_mpc,1,24,0.6667,0.1927,0.7083,0.9167,0.3784,0.0357,0.0000,0.0627,0.1485,0.0000,4
nominal,greedy_reach_mpc,2,24,0.4583,0.2036,0.6250,0.7917,0.3950,0.0287,0.0000,0.0604,0.1548,0.0000,5
nominal,greedy_reach_mpc,3,24,0.5417,0.2036,0.7917,0.6667,0.3890,0.0397,0.0000,0.0629,0.1535,0.0000,4
nominal,greedy_reach_mpc,4,24,0.8333,0.1523,0.9583,0.8750,0.3364,0.0300,0.0000,0.0606,0.1459,0.0000,4
nominal,greedy_reach_mpc,5,24,0.7500,0.1770,0.7917,0.8750,0.3891,0.0348,0.0000,0.0626,0.1532,0.0000,6
nominal,greedy_reach_mpc,6,24,0.6250,0.1979,0.7083,0.8750,0.3917,0.0313,0.0000,0.0617,0.1533,0.0000,4
nominal,greedy_reach_mpc,7,24,0.4167,0.2015,0.5833,0.7917,0.4140,0.0302,0.0000,0.0617,0.1536,0.0000,4
nominal,learned_linear_debt_proxy,0,24,0.5417,0.2036,0.7083,0.7917,0.4147,0.0293,0.0455,0.0583,0.1463,0.0000,5
nominal,learned_linear_debt_proxy,1,24,0.6667,0.1927,0.7083,0.9167,0.3800,0.0351,0.0464,0.0607,0.1481,0.0000,6
nominal,learned_linear_debt_proxy,2,24,0.4167,0.2015,0.6250,0.7500,0.3951,0.0290,0.0456,0.0589,0.1538,0.0000,5
nominal,learned_linear_debt_proxy,3,24,0.5000,0.2043,0.7500,0.6667,0.3922,0.0391,0.0473,0.0611,0.1509,0.0000,6
nominal,learned_linear_debt_proxy,4,24,0.7917,0.1660,0.9167,0.8750,0.3386,0.0305,0.0455,0.0581,0.1481,0.0000,5
nominal,learned_linear_debt_proxy,5,24,0.7500,0.1770,0.7917,0.8750,0.3916,0.0348,0.0459,0.0607,0.1503,0.0000,5
nominal,learned_linear_debt_proxy,6,24,0.6250,0.1979,0.7083,0.8333,0.3959,0.0317,0.0461,0.0592,0.1545,0.0000,5
nominal,learned_linear_debt_proxy,7,24,0.4167,0.2015,0.5833,0.7917,0.4152,0.0302,0.0455,0.0591,0.1546,0.0000,5
nominal,oracle_two_step_mpc,0,24,0.5417,0.2036,0.7083,0.7917,0.4119,0.0286,0.0000,0.0604,0.1447,0.0000,3
nominal,oracle_two_step_mpc,1,24,0.6667,0.1927,0.7083,0.9167,0.3778,0.0353,0.0000,0.0629,0.1487,0.0000,3
nominal,oracle_two_step_mpc,2,24,0.4583,0.2036,0.6250,0.7917,0.3937,0.0289,0.0000,0.0603,0.1543,0.0000,4
nominal,oracle_two_step_mpc,3,24,0.5417,0.2036,0.7917,0.6667,0.3886,0.0395,0.0000,0.0631,0.1532,0.0000,4
nominal,oracle_two_step_mpc,4,24,0.7917,0.1660,0.9167,0.8750,0.3357,0.0299,0.0000,0.0601,0.1440,0.0000,3
nominal,oracle_two_step_mpc,5,24,0.7500,0.1770,0.7917,0.8750,0.3872,0.0350,0.0000,0.0631,0.1497,0.0000,4
nominal,oracle_two_step_mpc,6,24,0.6250,0.1979,0.7083,0.8750,0.3910,0.0312,0.0000,0.0621,0.1503,0.0000,4
nominal,oracle_two_step_mpc,7,24,0.4583,0.2036,0.5833,0.8333,0.4121,0.0302,0.0000,0.0610,0.1546,0.0000,3
nominal,random_posture,0,24,0.3333,0.1927,0.4167,0.7917,0.4939,0.0424,0.0000,0.0580,0.1447,0.0000,10
nominal,random_posture,1,24,0.3750,0.1979,0.3750,0.9167,0.5025,0.0550,0.0000,0.0610,0.1478,0.0000,12
nominal,random_posture,2,24,0.0417,0.0817,0.1250,0.7500,0.4816,0.0381,0.0000,0.0610,0.1407,0.0000,11
nominal,random_posture,3,24,0.3750,0.1979,0.5417,0.6667,0.4653,0.0488,0.0000,0.0599,0.1422,0.0000,13
nominal,random_posture,4,24,0.4583,0.2036,0.5833,0.8333,0.4455,0.0538,0.0000,0.0578,0.1454,0.0000,14
nominal,random_posture,5,24,0.4167,0.2015,0.5000,0.8333,0.4710,0.0396,0.0000,0.0613,0.1422,0.0000,14
nominal,random_posture,6,24,0.3333,0.1927,0.3750,0.7500,0.4703,0.0516,0.0000,0.0582,0.1422,0.0000,13
nominal,random_posture,7,24,0.1667,0.1523,0.2500,0.7500,0.5035,0.0399,0.0000,0.0613,0.1461,0.0000,12
nominal,robust_balance_mpc,0,24,0.5417,0.2036,0.7083,0.7917,0.4142,0.0283,0.0000,0.0600,0.1480,0.0000,4
nominal,robust_balance_mpc,1,24,0.6667,0.1927,0.7083,0.9167,0.3785,0.0354,0.0000,0.0618,0.1494,0.0000,5
nominal,robust_balance_mpc,2,24,0.4167,0.2015,0.6250,0.7500,0.3941,0.0288,0.0000,0.0596,0.1532,0.0000,5
nominal,robust_balance_mpc,3,24,0.5417,0.2036,0.7917,0.6667,0.3890,0.0397,0.0000,0.0629,0.1535,0.0000,4
nominal,robust_balance_mpc,4,24,0.8333,0.1523,0.9583,0.8750,0.3364,0.0299,0.0000,0.0602,0.1465,0.0000,5
nominal,robust_balance_mpc,5,24,0.7500,0.1770,0.7917,0.8750,0.3886,0.0349,0.0000,0.0620,0.1532,0.0000,6
nominal,robust_balance_mpc,6,24,0.6250,0.1979,0.7083,0.8750,0.3917,0.0314,0.0000,0.0613,0.1534,0.0000,4
nominal,robust_balance_mpc,7,24,0.4167,0.2015,0.5833,0.7917,0.4123,0.0302,0.0000,0.0607,0.1535,0.0000,4
opposite_side_sequence,arm_only_reach,0,24,0.1667,0.1523,0.3750,0.5417,0.5118,0.0293,0.0000,0.0998,0.0754,0.0000,1
opposite_side_sequence,arm_only_reach,1,24,0.0833,0.1130,0.3750,0.4583,0.5338,0.0279,0.0000,0.1065,0.0769,0.0000,1
opposite_side_sequence,arm_only_reach,2,24,0.1667,0.1523,0.2500,0.6667,0.5237,0.0352,0.0000,0.1019,0.0737,0.0000,1
opposite_side_sequence,arm_only_reach,3,24,0.1250,0.1352,0.3750,0.4167,0.5312,0.0383,0.0000,0.1079,0.0729,0.0000,1
opposite_side_sequence,arm_only_reach,4,24,0.3750,0.1979,0.4583,0.6667,0.4964,0.0387,0.0000,0.1024,0.0737,0.0000,1
opposite_side_sequence,arm_only_reach,5,24,0.1250,0.1352,0.3333,0.2917,0.5507,0.0318,0.0000,0.1122,0.0753,0.0000,1
opposite_side_sequence,arm_only_reach,6,24,0.1667,0.1523,0.2917,0.4583,0.5440,0.0389,0.0000,0.1083,0.0725,0.0000,1
opposite_side_sequence,arm_only_reach,7,24,0.2083,0.1660,0.5000,0.4167,0.5215,0.0389,0.0000,0.1046,0.0773,0.0000,1
opposite_side_sequence,bar_mpc_no_online,0,24,0.0833,0.1130,0.7500,0.1667,0.4991,0.0280,0.0888,0.1059,0.0626,0.0000,2
opposite_side_sequence,bar_mpc_no_online,1,24,0.0417,0.0817,0.5833,0.1250,0.5224,0.0292,0.0928,0.1125,0.0629,0.0000,3
opposite_side_sequence,bar_mpc_no_online,2,24,0.1667,0.1523,0.5833,0.2500,0.5112,0.0369,0.0897,0.1076,0.0536,0.0000,3
opposite_side_sequence,bar_mpc_no_online,3,24,0.1667,0.1523,0.7500,0.1667,0.5244,0.0380,0.0938,0.1132,0.0603,0.0000,3
opposite_side_sequence,bar_mpc_no_online,4,24,0.3750,0.1979,0.5833,0.4583,0.4859,0.0385,0.0899,0.1085,0.0580,0.0000,3
opposite_side_sequence,bar_mpc_no_online,5,24,0.0833,0.1130,0.5833,0.1250,0.5438,0.0336,0.0956,0.1184,0.0607,0.0000,3
opposite_side_sequence,bar_mpc_no_online,6,24,0.1250,0.1352,0.5417,0.2917,0.5337,0.0398,0.0931,0.1142,0.0602,0.0000,3
opposite_side_sequence,bar_mpc_no_online,7,24,0.1250,0.1352,0.6250,0.2917,0.5078,0.0410,0.0931,0.1110,0.0629,0.0000,3
opposite_side_sequence,bar_mpc_v5,0,24,0.0833,0.1130,0.7500,0.1667,0.4991,0.0280,0.0888,0.1059,0.0626,0.0000,2
opposite_side_sequence,bar_mpc_v5,1,24,0.0417,0.0817,0.5833,0.1250,0.5224,0.0292,0.0928,0.1125,0.0629,0.0000,3
opposite_side_sequence,bar_mpc_v5,2,24,0.1667,0.1523,0.5833,0.2500,0.5112,0.0369,0.0897,0.1076,0.0536,0.0000,3
opposite_side_sequence,bar_mpc_v5,3,24,0.1667,0.1523,0.7500,0.1667,0.5244,0.0380,0.0938,0.1132,0.0603,0.0000,3
opposite_side_sequence,bar_mpc_v5,4,24,0.3750,0.1979,0.5833,0.4583,0.4859,0.0385,0.0899,0.1085,0.0580,0.0000,3
opposite_side_sequence,bar_mpc_v5,5,24,0.0833,0.1130,0.5833,0.1250,0.5438,0.0336,0.0956,0.1184,0.0607,0.0000,3
opposite_side_sequence,bar_mpc_v5,6,24,0.1250,0.1352,0.5417,0.2917,0.5337,0.0398,0.0931,0.1142,0.0602,0.0000,3
opposite_side_sequence,bar_mpc_v5,7,24,0.1250,0.1352,0.6250,0.2917,0.5078,0.0410,0.0931,0.1110,0.0629,0.0000,3
opposite_side_sequence,comfort_regularized_mpc,0,24,0.0833,0.1130,0.7500,0.1667,0.5012,0.0288,0.0000,0.1063,0.0577,0.0000,2
opposite_side_sequence,comfort_regularized_mpc,1,24,0.0417,0.0817,0.5833,0.1250,0.5245,0.0298,0.0000,0.1128,0.0591,0.0000,3
opposite_side_sequence,comfort_regularized_mpc,2,24,0.1250,0.1352,0.5833,0.2083,0.5131,0.0368,0.0000,0.1079,0.0509,0.0000,3
opposite_side_sequence,comfort_regularized_mpc,3,24,0.1667,0.1523,0.7917,0.1667,0.5276,0.0389,0.0000,0.1134,0.0552,0.0000,3
opposite_side_sequence,comfort_regularized_mpc,4,24,0.3750,0.1979,0.5833,0.4583,0.4881,0.0387,0.0000,0.1088,0.0535,0.0000,3
opposite_side_sequence,comfort_regularized_mpc,5,24,0.0833,0.1130,0.5833,0.1250,0.5450,0.0340,0.0000,0.1186,0.0585,0.0000,3
opposite_side_sequence,comfort_regularized_mpc,6,24,0.1250,0.1352,0.5417,0.2917,0.5363,0.0406,0.0000,0.1145,0.0560,0.0000,3
opposite_side_sequence,comfort_regularized_mpc,7,24,0.1250,0.1352,0.6250,0.2917,0.5098,0.0411,0.0000,0.1112,0.0610,0.0000,3
opposite_side_sequence,current_target_only_greedy,0,24,0.0833,0.1130,0.7500,0.1667,0.5018,0.0286,0.0000,0.1063,0.0567,0.0000,2
opposite_side_sequence,current_target_only_greedy,1,24,0.0417,0.0817,0.5833,0.1250,0.5245,0.0298,0.0000,0.1128,0.0591,0.0000,3
opposite_side_sequence,current_target_only_greedy,2,24,0.1250,0.1352,0.5833,0.2083,0.5131,0.0368,0.0000,0.1079,0.0509,0.0000,3
opposite_side_sequence,current_target_only_greedy,3,24,0.1667,0.1523,0.7917,0.1667,0.5286,0.0394,0.0000,0.1135,0.0540,0.0000,3
opposite_side_sequence,current_target_only_greedy,4,24,0.3750,0.1979,0.5833,0.4583,0.4881,0.0387,0.0000,0.1088,0.0535,0.0000,3
opposite_side_sequence,current_target_only_greedy,5,24,0.0833,0.1130,0.5833,0.1250,0.5454,0.0342,0.0000,0.1186,0.0574,0.0000,3
opposite_side_sequence,current_target_only_greedy,6,24,0.0833,0.1130,0.5417,0.2500,0.5396,0.0414,0.0000,0.1149,0.0516,0.0000,3
opposite_side_sequence,current_target_only_greedy,7,24,0.1250,0.1352,0.6250,0.2917,0.5098,0.0411,0.0000,0.1112,0.0610,0.0000,3
opposite_side_sequence,future_distribution_mpc,0,24,0.0833,0.1130,0.7500,0.1667,0.5003,0.0287,0.0891,0.1061,0.0596,0.0000,2
opposite_side_sequence,future_distribution_mpc,1,24,0.0417,0.0817,0.5833,0.1250,0.5245,0.0298,0.0932,0.1128,0.0591,0.0000,3
opposite_side_sequence,future_distribution_mpc,2,24,0.1250,0.1352,0.5833,0.2083,0.5131,0.0368,0.0902,0.1079,0.0509,0.0000,3
opposite_side_sequence,future_distribution_mpc,3,24,0.1667,0.1523,0.7917,0.1667,0.5270,0.0386,0.0941,0.1134,0.0555,0.0000,3
opposite_side_sequence,future_distribution_mpc,4,24,0.3750,0.1979,0.5833,0.4583,0.4873,0.0386,0.0902,0.1087,0.0545,0.0000,3
opposite_side_sequence,future_distribution_mpc,5,24,0.0833,0.1130,0.5833,0.1250,0.5438,0.0336,0.0956,0.1184,0.0607,0.0000,3
opposite_side_sequence,future_distribution_mpc,6,24,0.1250,0.1352,0.5417,0.2917,0.5359,0.0402,0.0934,0.1144,0.0565,0.0000,3
opposite_side_sequence,future_distribution_mpc,7,24,0.1250,0.1352,0.6250,0.2917,0.5083,0.0412,0.0932,0.1110,0.0619,0.0000,3
opposite_side_sequence,greedy_reach_mpc,0,24,0.0833,0.1130,0.7500,0.1667,0.5018,0.0286,0.0000,0.1063,0.0567,0.0000,2
opposite_side_sequence,greedy_reach_mpc,1,24,0.0417,0.0817,0.5833,0.1250,0.5245,0.0298,0.0000,0.1128,0.0591,0.0000,3
opposite_side_sequence,greedy_reach_mpc,2,24,0.1250,0.1352,0.5833,0.2083,0.5131,0.0368,0.0000,0.1079,0.0509,0.0000,3
opposite_side_sequence,greedy_reach_mpc,3,24,0.1667,0.1523,0.7917,0.1667,0.5286,0.0394,0.0000,0.1135,0.0540,0.0000,3
opposite_side_sequence,greedy_reach_mpc,4,24,0.3750,0.1979,0.5833,0.4583,0.4881,0.0387,0.0000,0.1088,0.0535,0.0000,3
opposite_side_sequence,greedy_reach_mpc,5,24,0.0833,0.1130,0.5833,0.1250,0.5454,0.0342,0.0000,0.1186,0.0574,0.0000,3
opposite_side_sequence,greedy_reach_mpc,6,24,0.0833,0.1130,0.5417,0.2500,0.5396,0.0414,0.0000,0.1149,0.0516,0.0000,3
opposite_side_sequence,greedy_reach_mpc,7,24,0.1250,0.1352,0.6250,0.2917,0.5098,0.0411,0.0000,0.1112,0.0610,0.0000,3
opposite_side_sequence,learned_linear_debt_proxy,0,24,0.0833,0.1130,0.7500,0.1667,0.4988,0.0279,0.0874,0.1059,0.0632,0.0000,3
opposite_side_sequence,learned_linear_debt_proxy,1,24,0.0417,0.0817,0.5833,0.1667,0.5209,0.0297,0.0907,0.1125,0.0641,0.0000,3
opposite_side_sequence,learned_linear_debt_proxy,2,24,0.1667,0.1523,0.5833,0.2500,0.5108,0.0371,0.0885,0.1076,0.0545,0.0000,3
opposite_side_sequence,learned_linear_debt_proxy,3,24,0.1667,0.1523,0.7083,0.1667,0.5233,0.0376,0.0921,0.1131,0.0617,0.0000,3
opposite_side_sequence,learned_linear_debt_proxy,4,24,0.3750,0.1979,0.5833,0.4583,0.4848,0.0381,0.0880,0.1084,0.0590,0.0000,3
opposite_side_sequence,learned_linear_debt_proxy,5,24,0.1250,0.1352,0.5833,0.1667,0.5425,0.0338,0.0928,0.1181,0.0601,0.0000,3
opposite_side_sequence,learned_linear_debt_proxy,6,24,0.1250,0.1352,0.5417,0.2917,0.5334,0.0398,0.0909,0.1141,0.0608,0.0000,3
opposite_side_sequence,learned_linear_debt_proxy,7,24,0.1250,0.1352,0.6250,0.2917,0.5078,0.0410,0.0914,0.1110,0.0629,0.0000,3
opposite_side_sequence,oracle_two_step_mpc,0,24,0.0833,0.1130,0.7083,0.2083,0.4964,0.0286,0.0000,0.1052,0.0673,0.0000,4
opposite_side_sequence,oracle_two_step_mpc,1,24,0.0417,0.0817,0.5417,0.2083,0.5185,0.0292,0.0000,0.1116,0.0717,0.0000,4
opposite_side_sequence,oracle_two_step_mpc,2,24,0.1667,0.1523,0.5000,0.3750,0.5080,0.0365,0.0000,0.1064,0.0627,0.0000,4
opposite_side_sequence,oracle_two_step_mpc,3,24,0.2500,0.1770,0.7083,0.2917,0.5182,0.0384,0.0000,0.1120,0.0690,0.0000,5
opposite_side_sequence,oracle_two_step_mpc,4,24,0.3750,0.1979,0.5833,0.5000,0.4822,0.0382,0.0000,0.1071,0.0669,0.0000,5
opposite_side_sequence,oracle_two_step_mpc,5,24,0.1250,0.1352,0.4583,0.2083,0.5373,0.0332,0.0000,0.1167,0.0693,0.0000,5
opposite_side_sequence,oracle_two_step_mpc,6,24,0.1250,0.1352,0.4167,0.2917,0.5300,0.0398,0.0000,0.1134,0.0672,0.0000,4
opposite_side_sequence,oracle_two_step_mpc,7,24,0.1667,0.1523,0.6250,0.3333,0.5049,0.0407,0.0000,0.1096,0.0675,0.0000,5
opposite_side_sequence,random_posture,0,24,0.1250,0.1352,0.3333,0.5000,0.5867,0.0689,0.0000,0.0961,0.0680,0.0000,12
opposite_side_sequence,random_posture,1,24,0.0833,0.1130,0.2917,0.3333,0.6138,0.0710,0.0000,0.1028,0.0684,0.0000,13
opposite_side_sequence,random_posture,2,24,0.1667,0.1523,0.2917,0.6250,0.6214,0.0888,0.0000,0.0967,0.0586,0.0000,11
opposite_side_sequence,random_posture,3,24,0.1667,0.1523,0.4583,0.3750,0.6285,0.0941,0.0000,0.1024,0.0658,0.0000,13
opposite_side_sequence,random_posture,4,24,0.2083,0.1660,0.3750,0.5833,0.5392,0.0634,0.0000,0.1015,0.0624,0.0000,14
opposite_side_sequence,random_posture,5,24,0.0833,0.1130,0.4167,0.2500,0.6230,0.0800,0.0000,0.1096,0.0623,0.0000,13
opposite_side_sequence,random_posture,6,24,0.0417,0.0817,0.2500,0.3750,0.7110,0.0939,0.0000,0.0975,0.0618,0.0000,11
opposite_side_sequence,random_posture,7,24,0.0833,0.1130,0.3750,0.3333,0.6841,0.1027,0.0000,0.0947,0.0678,0.0000,13
opposite_side_sequence,robust_balance_mpc,0,24,0.0833,0.1130,0.7500,0.1667,0.4995,0.0281,0.0000,0.1060,0.0617,0.0000,2
opposite_side_sequence,robust_balance_mpc,1,24,0.0417,0.0817,0.5833,0.1250,0.5228,0.0293,0.0000,0.1127,0.0621,0.0000,3
opposite_side_sequence,robust_balance_mpc,2,24,0.1667,0.1523,0.5833,0.2500,0.5112,0.0369,0.0000,0.1076,0.0536,0.0000,3
opposite_side_sequence,robust_balance_mpc,3,24,0.1667,0.1523,0.7083,0.1667,0.5245,0.0380,0.0000,0.1132,0.0608,0.0000,3
opposite_side_sequence,robust_balance_mpc,4,24,0.3750,0.1979,0.5833,0.4583,0.4860,0.0385,0.0000,0.1086,0.0571,0.0000,3
opposite_side_sequence,robust_balance_mpc,5,24,0.0833,0.1130,0.5833,0.1250,0.5438,0.0336,0.0000,0.1184,0.0607,0.0000,3
opposite_side_sequence,robust_balance_mpc,6,24,0.1250,0.1352,0.5417,0.2917,0.5341,0.0401,0.0000,0.1143,0.0598,0.0000,3
opposite_side_sequence,robust_balance_mpc,7,24,0.1250,0.1352,0.6250,0.2917,0.5092,0.0409,0.0000,0.1112,0.0619,0.0000,3
payload_shift,arm_only_reach,0,24,0.3333,0.1927,0.6250,0.5833,0.3999,0.0564,0.0000,0.0671,0.1216,0.0000,1
payload_shift,arm_only_reach,1,24,0.3750,0.1979,0.5417,0.7917,0.4153,0.0318,0.0000,0.0653,0.1288,0.0000,1
payload_shift,arm_only_reach,2,24,0.6250,0.1979,0.8333,0.7500,0.3614,0.0390,0.0000,0.0618,0.1203,0.0000,1
payload_shift,arm_only_reach,3,24,0.5417,0.2036,0.7500,0.7500,0.3804,0.0420,0.0000,0.0655,0.1216,0.0000,1
payload_shift,arm_only_reach,4,24,0.5833,0.2015,0.6667,0.7917,0.3793,0.0473,0.0000,0.0628,0.1288,0.0000,1
payload_shift,arm_only_reach,5,24,0.5000,0.2043,0.8750,0.6250,0.3608,0.0323,0.0000,0.0635,0.1259,0.0000,1
payload_shift,arm_only_reach,6,24,0.5000,0.2043,0.7500,0.7083,0.4007,0.0355,0.0000,0.0582,0.1263,0.0000,1
payload_shift,arm_only_reach,7,24,0.4167,0.2015,0.7083,0.6667,0.3938,0.0376,0.0000,0.0637,0.1309,0.0000,1
payload_shift,bar_mpc_no_online,0,24,0.4583,0.2036,0.7917,0.5833,0.3870,0.0578,0.0515,0.0694,0.1260,0.0000,7
payload_shift,bar_mpc_no_online,1,24,0.4167,0.2015,0.6250,0.7917,0.3985,0.0310,0.0517,0.0676,0.1321,0.0000,7
payload_shift,bar_mpc_no_online,2,24,0.6250,0.1979,0.8750,0.7083,0.3431,0.0379,0.0494,0.0643,0.1219,0.0000,7
payload_shift,bar_mpc_no_online,3,24,0.6667,0.1927,0.9167,0.7500,0.3594,0.0418,0.0510,0.0680,0.1175,0.0000,7
payload_shift,bar_mpc_no_online,4,24,0.6250,0.1979,0.7083,0.7917,0.3629,0.0475,0.0483,0.0648,0.1318,0.0000,7
payload_shift,bar_mpc_no_online,5,24,0.5417,0.2036,0.8750,0.6667,0.3401,0.0354,0.0508,0.0667,0.1290,0.0000,6
payload_shift,bar_mpc_no_online,6,24,0.5000,0.2043,0.8333,0.6250,0.3802,0.0338,0.0475,0.0613,0.1255,0.0000,9
payload_shift,bar_mpc_no_online,7,24,0.4583,0.2036,0.7083,0.7083,0.3695,0.0386,0.0499,0.0664,0.1325,0.0000,6
payload_shift,bar_mpc_v5,0,24,0.4583,0.2036,0.7917,0.5833,0.3870,0.0578,0.0515,0.0694,0.1260,0.0000,7
payload_shift,bar_mpc_v5,1,24,0.4167,0.2015,0.6250,0.7917,0.3985,0.0310,0.0517,0.0676,0.1321,0.0000,7
payload_shift,bar_mpc_v5,2,24,0.6250,0.1979,0.8750,0.7083,0.3431,0.0379,0.0494,0.0643,0.1219,0.0000,7
payload_shift,bar_mpc_v5,3,24,0.6667,0.1927,0.9167,0.7500,0.3594,0.0418,0.0510,0.0680,0.1175,0.0000,7
payload_shift,bar_mpc_v5,4,24,0.6250,0.1979,0.7083,0.7917,0.3629,0.0475,0.0483,0.0648,0.1318,0.0000,7
payload_shift,bar_mpc_v5,5,24,0.5417,0.2036,0.8750,0.6667,0.3401,0.0354,0.0508,0.0667,0.1290,0.0000,6
payload_shift,bar_mpc_v5,6,24,0.5000,0.2043,0.8333,0.6250,0.3802,0.0338,0.0475,0.0613,0.1255,0.0000,9
payload_shift,bar_mpc_v5,7,24,0.4583,0.2036,0.7083,0.7083,0.3695,0.0386,0.0499,0.0664,0.1325,0.0000,6
payload_shift,comfort_regularized_mpc,0,24,0.4583,0.2036,0.7917,0.5833,0.3870,0.0578,0.0000,0.0694,0.1260,0.0000,7
payload_shift,comfort_regularized_mpc,1,24,0.4167,0.2015,0.6250,0.7917,0.3979,0.0309,0.0000,0.0682,0.1304,0.0000,7
payload_shift,comfort_regularized_mpc,2,24,0.6250,0.1979,0.8750,0.7083,0.3448,0.0372,0.0000,0.0645,0.1209,0.0000,8
payload_shift,comfort_regularized_mpc,3,24,0.6667,0.1927,0.9167,0.7500,0.3581,0.0422,0.0000,0.0687,0.1170,0.0000,7
payload_shift,comfort_regularized_mpc,4,24,0.6250,0.1979,0.7083,0.7917,0.3634,0.0474,0.0000,0.0651,0.1327,0.0000,6
payload_shift,comfort_regularized_mpc,5,24,0.5417,0.2036,0.8750,0.6667,0.3401,0.0354,0.0000,0.0667,0.1290,0.0000,6
payload_shift,comfort_regularized_mpc,6,24,0.5000,0.2043,0.8333,0.6250,0.3799,0.0335,0.0000,0.0619,0.1238,0.0000,8
payload_shift,comfort_regularized_mpc,7,24,0.4583,0.2036,0.7083,0.7083,0.3694,0.0379,0.0000,0.0669,0.1328,0.0000,7
payload_shift,current_target_only_greedy,0,24,0.4583,0.2036,0.7917,0.5417,0.3877,0.0580,0.0000,0.0697,0.1264,0.0000,8
payload_shift,current_target_only_greedy,1,24,0.4167,0.2015,0.6250,0.7917,0.3988,0.0314,0.0000,0.0686,0.1306,0.0000,7
payload_shift,current_target_only_greedy,2,24,0.5833,0.2015,0.8750,0.6667,0.3466,0.0379,0.0000,0.0654,0.1193,0.0000,8
payload_shift,current_target_only_greedy,3,24,0.6667,0.1927,0.9167,0.7500,0.3595,0.0418,0.0000,0.0691,0.1159,0.0000,9
payload_shift,current_target_only_greedy,4,24,0.6667,0.1927,0.7500,0.7917,0.3634,0.0474,0.0000,0.0656,0.1341,0.0000,6
payload_shift,current_target_only_greedy,5,24,0.5417,0.2036,0.8750,0.6667,0.3412,0.0356,0.0000,0.0673,0.1259,0.0000,7
payload_shift,current_target_only_greedy,6,24,0.5000,0.2043,0.8333,0.6250,0.3807,0.0335,0.0000,0.0625,0.1236,0.0000,8
payload_shift,current_target_only_greedy,7,24,0.4583,0.2036,0.7083,0.7083,0.3690,0.0375,0.0000,0.0673,0.1323,0.0000,6
payload_shift,future_distribution_mpc,0,24,0.4583,0.2036,0.7917,0.5833,0.3870,0.0578,0.0515,0.0694,0.1260,0.0000,7
payload_shift,future_distribution_mpc,1,24,0.4167,0.2015,0.6250,0.7917,0.3985,0.0310,0.0517,0.0676,0.1321,0.0000,7
payload_shift,future_distribution_mpc,2,24,0.6250,0.1979,0.8750,0.7083,0.3431,0.0379,0.0494,0.0643,0.1219,0.0000,7
payload_shift,future_distribution_mpc,3,24,0.6667,0.1927,0.9167,0.7500,0.3592,0.0417,0.0511,0.0681,0.1169,0.0000,7
payload_shift,future_distribution_mpc,4,24,0.6250,0.1979,0.7083,0.7917,0.3629,0.0475,0.0483,0.0648,0.1318,0.0000,7
payload_shift,future_distribution_mpc,5,24,0.5417,0.2036,0.8750,0.6667,0.3401,0.0354,0.0508,0.0667,0.1290,0.0000,6
payload_shift,future_distribution_mpc,6,24,0.5000,0.2043,0.8333,0.6250,0.3802,0.0338,0.0475,0.0613,0.1255,0.0000,9
payload_shift,future_distribution_mpc,7,24,0.4583,0.2036,0.7083,0.7083,0.3696,0.0384,0.0499,0.0665,0.1331,0.0000,7
payload_shift,greedy_reach_mpc,0,24,0.4583,0.2036,0.7917,0.5417,0.3877,0.0580,0.0000,0.0697,0.1264,0.0000,8
payload_shift,greedy_reach_mpc,1,24,0.4167,0.2015,0.6250,0.7917,0.3988,0.0314,0.0000,0.0686,0.1306,0.0000,7
payload_shift,greedy_reach_mpc,2,24,0.5833,0.2015,0.8750,0.6667,0.3466,0.0379,0.0000,0.0654,0.1193,0.0000,8
payload_shift,greedy_reach_mpc,3,24,0.6667,0.1927,0.9167,0.7500,0.3595,0.0418,0.0000,0.0691,0.1159,0.0000,9
payload_shift,greedy_reach_mpc,4,24,0.6667,0.1927,0.7500,0.7917,0.3634,0.0474,0.0000,0.0656,0.1341,0.0000,6
payload_shift,greedy_reach_mpc,5,24,0.5417,0.2036,0.8750,0.6667,0.3412,0.0356,0.0000,0.0673,0.1259,0.0000,7
payload_shift,greedy_reach_mpc,6,24,0.5000,0.2043,0.8333,0.6250,0.3807,0.0335,0.0000,0.0625,0.1236,0.0000,8
payload_shift,greedy_reach_mpc,7,24,0.4583,0.2036,0.7083,0.7083,0.3690,0.0375,0.0000,0.0673,0.1323,0.0000,6
payload_shift,learned_linear_debt_proxy,0,24,0.4583,0.2036,0.7917,0.5833,0.3871,0.0578,0.0505,0.0686,0.1264,0.0000,8
payload_shift,learned_linear_debt_proxy,1,24,0.4583,0.2036,0.6250,0.8333,0.3997,0.0313,0.0511,0.0671,0.1321,0.0000,6
payload_shift,learned_linear_debt_proxy,2,24,0.6250,0.1979,0.8750,0.7083,0.3443,0.0383,0.0488,0.0639,0.1216,0.0000,7
payload_shift,learned_linear_debt_proxy,3,24,0.5833,0.2015,0.8333,0.7500,0.3612,0.0422,0.0503,0.0672,0.1195,0.0000,7
payload_shift,learned_linear_debt_proxy,4,24,0.6250,0.1979,0.7083,0.7917,0.3622,0.0471,0.0478,0.0643,0.1296,0.0000,7
payload_shift,learned_linear_debt_proxy,5,24,0.5417,0.2036,0.8750,0.6667,0.3420,0.0351,0.0492,0.0654,0.1286,0.0000,6
payload_shift,learned_linear_debt_proxy,6,24,0.5000,0.2043,0.8333,0.6250,0.3833,0.0338,0.0467,0.0607,0.1270,0.0000,6
payload_shift,learned_linear_debt_proxy,7,24,0.4583,0.2036,0.7083,0.7083,0.3710,0.0391,0.0488,0.0655,0.1319,0.0000,5
payload_shift,oracle_two_step_mpc,0,24,0.4583,0.2036,0.7500,0.6250,0.3845,0.0579,0.0000,0.0695,0.1216,0.0000,8
payload_shift,oracle_two_step_mpc,1,24,0.4167,0.2015,0.6250,0.7917,0.3965,0.0310,0.0000,0.0683,0.1291,0.0000,9
payload_shift,oracle_two_step_mpc,2,24,0.6250,0.1979,0.8750,0.7083,0.3411,0.0385,0.0000,0.0651,0.1209,0.0000,9
payload_shift,oracle_two_step_mpc,3,24,0.6667,0.1927,0.8750,0.7917,0.3554,0.0425,0.0000,0.0689,0.1177,0.0000,6
payload_shift,oracle_two_step_mpc,4,24,0.6667,0.1927,0.7500,0.7917,0.3586,0.0470,0.0000,0.0652,0.1276,0.0000,8
payload_shift,oracle_two_step_mpc,5,24,0.5833,0.2015,0.8750,0.7083,0.3390,0.0352,0.0000,0.0671,0.1306,0.0000,6
payload_shift,oracle_two_step_mpc,6,24,0.4583,0.2036,0.7917,0.6250,0.3765,0.0342,0.0000,0.0618,0.1260,0.0000,7
payload_shift,oracle_two_step_mpc,7,24,0.4583,0.2036,0.7083,0.7083,0.3668,0.0380,0.0000,0.0668,0.1299,0.0000,6
payload_shift,random_posture,0,24,0.3750,0.1979,0.5417,0.5833,0.4836,0.0849,0.0000,0.0686,0.1180,0.0000,12
payload_shift,random_posture,1,24,0.2917,0.1858,0.5000,0.7500,0.4476,0.0423,0.0000,0.0657,0.1277,0.0000,12
payload_shift,random_posture,2,24,0.4167,0.2015,0.6250,0.7500,0.4243,0.0539,0.0000,0.0646,0.1179,0.0000,14
payload_shift,random_posture,3,24,0.4167,0.2015,0.5833,0.7500,0.4431,0.0576,0.0000,0.0682,0.1211,0.0000,12
payload_shift,random_posture,4,24,0.4167,0.2015,0.4583,0.8333,0.4457,0.0645,0.0000,0.0651,0.1222,0.0000,13
payload_shift,random_posture,5,24,0.3750,0.1979,0.6667,0.6667,0.4016,0.0483,0.0000,0.0660,0.1231,0.0000,12
payload_shift,random_posture,6,24,0.3333,0.1927,0.4167,0.7083,0.5053,0.0598,0.0000,0.0634,0.1206,0.0000,13
payload_shift,random_posture,7,24,0.2083,0.1660,0.4167,0.6667,0.4983,0.0634,0.0000,0.0657,0.1247,0.0000,12
payload_shift,robust_balance_mpc,0,24,0.4583,0.2036,0.7917,0.5833,0.3870,0.0578,0.0000,0.0694,0.1260,0.0000,7
payload_shift,robust_balance_mpc,1,24,0.4167,0.2015,0.6250,0.7917,0.3979,0.0309,0.0000,0.0682,0.1304,0.0000,7
payload_shift,robust_balance_mpc,2,24,0.5833,0.2015,0.8750,0.6667,0.3456,0.0372,0.0000,0.0648,0.1203,0.0000,8
payload_shift,robust_balance_mpc,3,24,0.6667,0.1927,0.9167,0.7500,0.3587,0.0421,0.0000,0.0688,0.1165,0.0000,8
payload_shift,robust_balance_mpc,4,24,0.6250,0.1979,0.7083,0.7917,0.3634,0.0474,0.0000,0.0651,0.1327,0.0000,6
payload_shift,robust_balance_mpc,5,24,0.5417,0.2036,0.8750,0.6667,0.3401,0.0354,0.0000,0.0667,0.1290,0.0000,6
payload_shift,robust_balance_mpc,6,24,0.5000,0.2043,0.8333,0.6250,0.3799,0.0335,0.0000,0.0619,0.1238,0.0000,8
payload_shift,robust_balance_mpc,7,24,0.4583,0.2036,0.7083,0.7083,0.3694,0.0379,0.0000,0.0669,0.1328,0.0000,7
support_reversal,arm_only_reach,0,24,0.1250,0.1352,0.3750,0.2917,0.5287,0.0397,0.0000,0.0855,0.0690,0.0000,1
support_reversal,arm_only_reach,1,24,0.2917,0.1858,0.6667,0.4167,0.5086,0.0321,0.0000,0.0888,0.0682,0.0000,1
support_reversal,arm_only_reach,2,24,0.2500,0.1770,0.5417,0.4167,0.5054,0.0347,0.0000,0.0866,0.0672,0.0000,1
support_reversal,arm_only_reach,3,24,0.1667,0.1523,0.4583,0.4167,0.5119,0.0344,0.0000,0.0860,0.0666,0.0000,1
support_reversal,arm_only_reach,4,24,0.2083,0.1660,0.5000,0.2500,0.5275,0.0339,0.0000,0.0946,0.0673,0.0000,1
support_reversal,arm_only_reach,5,24,0.2083,0.1660,0.3750,0.5000,0.5082,0.0287,0.0000,0.0827,0.0649,0.0000,1
support_reversal,arm_only_reach,6,24,0.2083,0.1660,0.3750,0.3333,0.5176,0.0390,0.0000,0.0850,0.0703,0.0000,1
support_reversal,arm_only_reach,7,24,0.1250,0.1352,0.4167,0.2500,0.5150,0.0333,0.0000,0.0901,0.0681,0.0000,1
support_reversal,bar_mpc_no_online,0,24,0.0833,0.1130,0.8333,0.1250,0.4998,0.0396,0.0705,0.0883,0.0606,0.0000,4
support_reversal,bar_mpc_no_online,1,24,0.1667,0.1523,0.7917,0.2917,0.4808,0.0381,0.0718,0.0917,0.0612,0.0000,3
support_reversal,bar_mpc_no_online,2,24,0.1667,0.1523,0.6667,0.2917,0.4800,0.0378,0.0698,0.0890,0.0615,0.0000,3
support_reversal,bar_mpc_no_online,3,24,0.1667,0.1523,0.7500,0.2917,0.4886,0.0335,0.0685,0.0891,0.0545,0.0000,3
support_reversal,bar_mpc_no_online,4,24,0.1250,0.1352,0.7083,0.1667,0.5010,0.0321,0.0758,0.0973,0.0600,0.0000,3
support_reversal,bar_mpc_no_online,5,24,0.3333,0.1927,0.7083,0.3750,0.4805,0.0366,0.0683,0.0861,0.0559,0.0000,3
support_reversal,bar_mpc_no_online,6,24,0.1667,0.1523,0.5417,0.2917,0.4921,0.0376,0.0688,0.0874,0.0628,0.0000,3
support_reversal,bar_mpc_no_online,7,24,0.2083,0.1660,0.8333,0.2917,0.4886,0.0383,0.0736,0.0929,0.0669,0.0000,3
support_reversal,bar_mpc_v5,0,24,0.0833,0.1130,0.8333,0.1250,0.4998,0.0396,0.0705,0.0883,0.0606,0.0000,4
support_reversal,bar_mpc_v5,1,24,0.1667,0.1523,0.7917,0.2917,0.4808,0.0381,0.0718,0.0917,0.0612,0.0000,3
support_reversal,bar_mpc_v5,2,24,0.1667,0.1523,0.6667,0.2917,0.4800,0.0378,0.0698,0.0890,0.0615,0.0000,3
support_reversal,bar_mpc_v5,3,24,0.1667,0.1523,0.7500,0.2917,0.4886,0.0335,0.0685,0.0891,0.0545,0.0000,3
support_reversal,bar_mpc_v5,4,24,0.1250,0.1352,0.7083,0.1667,0.5010,0.0321,0.0758,0.0973,0.0600,0.0000,3
support_reversal,bar_mpc_v5,5,24,0.3333,0.1927,0.7083,0.3750,0.4805,0.0366,0.0683,0.0861,0.0559,0.0000,3
support_reversal,bar_mpc_v5,6,24,0.1667,0.1523,0.5417,0.2917,0.4921,0.0376,0.0688,0.0874,0.0628,0.0000,3
support_reversal,bar_mpc_v5,7,24,0.2083,0.1660,0.8333,0.2917,0.4886,0.0383,0.0736,0.0929,0.0669,0.0000,3
support_reversal,comfort_regularized_mpc,0,24,0.0833,0.1130,0.8750,0.1250,0.5007,0.0404,0.0000,0.0894,0.0537,0.0000,3
support_reversal,comfort_regularized_mpc,1,24,0.1667,0.1523,0.8333,0.2500,0.4851,0.0385,0.0000,0.0925,0.0502,0.0000,3
support_reversal,comfort_regularized_mpc,2,24,0.1667,0.1523,0.6667,0.2917,0.4823,0.0382,0.0000,0.0897,0.0561,0.0000,3
support_reversal,comfort_regularized_mpc,3,24,0.2083,0.1660,0.7917,0.2917,0.4904,0.0337,0.0000,0.0895,0.0498,0.0000,3
support_reversal,comfort_regularized_mpc,4,24,0.1250,0.1352,0.7083,0.1667,0.5025,0.0319,0.0000,0.0978,0.0529,0.0000,3
support_reversal,comfort_regularized_mpc,5,24,0.2917,0.1858,0.7500,0.3333,0.4844,0.0374,0.0000,0.0868,0.0477,0.0000,3
support_reversal,comfort_regularized_mpc,6,24,0.1250,0.1352,0.5833,0.2500,0.4969,0.0375,0.0000,0.0883,0.0534,0.0000,3
support_reversal,comfort_regularized_mpc,7,24,0.1667,0.1523,0.8333,0.2500,0.4901,0.0387,0.0000,0.0933,0.0619,0.0000,3
support_reversal,current_target_only_greedy,0,24,0.0833,0.1130,0.8750,0.1250,0.5026,0.0403,0.0000,0.0894,0.0522,0.0000,3
support_reversal,current_target_only_greedy,1,24,0.1667,0.1523,0.8333,0.2500,0.4851,0.0385,0.0000,0.0925,0.0502,0.0000,3
support_reversal,current_target_only_greedy,2,24,0.1667,0.1523,0.6667,0.2917,0.4831,0.0385,0.0000,0.0900,0.0528,0.0000,3
support_reversal,current_target_only_greedy,3,24,0.2083,0.1660,0.7917,0.2917,0.4913,0.0338,0.0000,0.0895,0.0495,0.0000,3
support_reversal,current_target_only_greedy,4,24,0.1250,0.1352,0.7083,0.1667,0.5058,0.0326,0.0000,0.0982,0.0495,0.0000,3
support_reversal,current_target_only_greedy,5,24,0.2917,0.1858,0.7500,0.3333,0.4844,0.0374,0.0000,0.0868,0.0477,0.0000,3
support_reversal,current_target_only_greedy,6,24,0.1250,0.1352,0.5833,0.2500,0.4977,0.0371,0.0000,0.0883,0.0525,0.0000,3
support_reversal,current_target_only_greedy,7,24,0.1667,0.1523,0.8333,0.2500,0.4906,0.0390,0.0000,0.0934,0.0598,0.0000,3
support_reversal,future_distribution_mpc,0,24,0.0833,0.1130,0.8750,0.1250,0.4998,0.0403,0.0714,0.0892,0.0546,0.0000,3
support_reversal,future_distribution_mpc,1,24,0.1667,0.1523,0.8333,0.2500,0.4851,0.0385,0.0728,0.0925,0.0502,0.0000,3
support_reversal,future_distribution_mpc,2,24,0.1667,0.1523,0.6667,0.2917,0.4817,0.0380,0.0703,0.0896,0.0570,0.0000,3
support_reversal,future_distribution_mpc,3,24,0.2083,0.1660,0.7917,0.2917,0.4904,0.0337,0.0689,0.0895,0.0498,0.0000,3
support_reversal,future_distribution_mpc,4,24,0.1250,0.1352,0.7083,0.1667,0.5025,0.0319,0.0764,0.0978,0.0534,0.0000,3
support_reversal,future_distribution_mpc,5,24,0.2917,0.1858,0.7500,0.3333,0.4833,0.0371,0.0689,0.0867,0.0486,0.0000,3
support_reversal,future_distribution_mpc,6,24,0.1250,0.1352,0.5833,0.2500,0.4963,0.0376,0.0695,0.0882,0.0530,0.0000,3
support_reversal,future_distribution_mpc,7,24,0.1667,0.1523,0.8333,0.2500,0.4901,0.0387,0.0740,0.0933,0.0619,0.0000,3
support_reversal,greedy_reach_mpc,0,24,0.0833,0.1130,0.8750,0.1250,0.5026,0.0403,0.0000,0.0894,0.0522,0.0000,3
support_reversal,greedy_reach_mpc,1,24,0.1667,0.1523,0.8333,0.2500,0.4851,0.0385,0.0000,0.0925,0.0502,0.0000,3
support_reversal,greedy_reach_mpc,2,24,0.1667,0.1523,0.6667,0.2917,0.4831,0.0385,0.0000,0.0900,0.0528,0.0000,3
support_reversal,greedy_reach_mpc,3,24,0.2083,0.1660,0.7917,0.2917,0.4913,0.0338,0.0000,0.0895,0.0495,0.0000,3
support_reversal,greedy_reach_mpc,4,24,0.1250,0.1352,0.7083,0.1667,0.5058,0.0326,0.0000,0.0982,0.0495,0.0000,3
support_reversal,greedy_reach_mpc,5,24,0.2917,0.1858,0.7500,0.3333,0.4844,0.0374,0.0000,0.0868,0.0477,0.0000,3
support_reversal,greedy_reach_mpc,6,24,0.1250,0.1352,0.5833,0.2500,0.4977,0.0371,0.0000,0.0883,0.0525,0.0000,3
support_reversal,greedy_reach_mpc,7,24,0.1667,0.1523,0.8333,0.2500,0.4906,0.0390,0.0000,0.0934,0.0598,0.0000,3
support_reversal,learned_linear_debt_proxy,0,24,0.0833,0.1130,0.8750,0.1250,0.4989,0.0394,0.0692,0.0886,0.0597,0.0000,4
support_reversal,learned_linear_debt_proxy,1,24,0.2083,0.1660,0.8333,0.2917,0.4821,0.0378,0.0702,0.0920,0.0575,0.0000,3
support_reversal,learned_linear_debt_proxy,2,24,0.1667,0.1523,0.6667,0.2917,0.4810,0.0373,0.0681,0.0894,0.0594,0.0000,3
support_reversal,learned_linear_debt_proxy,3,24,0.1667,0.1523,0.7500,0.2917,0.4897,0.0338,0.0669,0.0891,0.0530,0.0000,4
support_reversal,learned_linear_debt_proxy,4,24,0.1250,0.1352,0.7083,0.1667,0.5019,0.0315,0.0736,0.0975,0.0580,0.0000,4
support_reversal,learned_linear_debt_proxy,5,24,0.3333,0.1927,0.7083,0.3750,0.4805,0.0367,0.0668,0.0861,0.0536,0.0000,4
support_reversal,learned_linear_debt_proxy,6,24,0.1250,0.1352,0.5833,0.2500,0.4934,0.0369,0.0667,0.0877,0.0609,0.0000,3
support_reversal,learned_linear_debt_proxy,7,24,0.1667,0.1523,0.8333,0.2500,0.4879,0.0382,0.0714,0.0930,0.0641,0.0000,4
support_reversal,oracle_two_step_mpc,0,24,0.0833,0.1130,0.8333,0.1667,0.4944,0.0393,0.0000,0.0886,0.0560,0.0000,5
support_reversal,oracle_two_step_mpc,1,24,0.1667,0.1523,0.7917,0.2917,0.4766,0.0374,0.0000,0.0916,0.0561,0.0000,6
support_reversal,oracle_two_step_mpc,2,24,0.1667,0.1523,0.6250,0.3333,0.4758,0.0377,0.0000,0.0888,0.0543,0.0000,6
support_reversal,oracle_two_step_mpc,3,24,0.1667,0.1523,0.6250,0.4583,0.4820,0.0335,0.0000,0.0887,0.0505,0.0000,8
support_reversal,oracle_two_step_mpc,4,24,0.1250,0.1352,0.7083,0.1667,0.4970,0.0314,0.0000,0.0972,0.0535,0.0000,6
support_reversal,oracle_two_step_mpc,5,24,0.4167,0.2015,0.6250,0.5417,0.4757,0.0357,0.0000,0.0857,0.0491,0.0000,6
support_reversal,oracle_two_step_mpc,6,24,0.2083,0.1660,0.5833,0.3750,0.4873,0.0370,0.0000,0.0874,0.0562,0.0000,8
support_reversal,oracle_two_step_mpc,7,24,0.1667,0.1523,0.6250,0.2917,0.4828,0.0381,0.0000,0.0923,0.0569,0.0000,8
support_reversal,random_posture,0,24,0.1250,0.1352,0.3750,0.2500,0.6041,0.0745,0.0000,0.0860,0.0632,0.0000,12
support_reversal,random_posture,1,24,0.1250,0.1352,0.3333,0.2917,0.6422,0.0824,0.0000,0.0856,0.0621,0.0000,12
support_reversal,random_posture,2,24,0.1667,0.1523,0.5000,0.3333,0.5813,0.0871,0.0000,0.0870,0.0573,0.0000,14
support_reversal,random_posture,3,24,0.1250,0.1352,0.4167,0.3333,0.5606,0.0696,0.0000,0.0878,0.0540,0.0000,13
support_reversal,random_posture,4,24,0.1250,0.1352,0.3750,0.2500,0.6604,0.0982,0.0000,0.0913,0.0544,0.0000,13
support_reversal,random_posture,5,24,0.2083,0.1660,0.3333,0.5000,0.6025,0.0761,0.0000,0.0834,0.0578,0.0000,14
support_reversal,random_posture,6,24,0.2083,0.1660,0.4167,0.3750,0.6281,0.0938,0.0000,0.0839,0.0675,0.0000,11
support_reversal,random_posture,7,24,0.0833,0.1130,0.3750,0.3750,0.5835,0.0704,0.0000,0.0878,0.0580,0.0000,14
support_reversal,robust_balance_mpc,0,24,0.0833,0.1130,0.8333,0.1250,0.4986,0.0396,0.0000,0.0884,0.0609,0.0000,3
support_reversal,robust_balance_mpc,1,24,0.1667,0.1523,0.7917,0.2917,0.4815,0.0371,0.0000,0.0916,0.0623,0.0000,3
support_reversal,robust_balance_mpc,2,24,0.1667,0.1523,0.6667,0.2917,0.4794,0.0376,0.0000,0.0889,0.0626,0.0000,3
support_reversal,robust_balance_mpc,3,24,0.1667,0.1523,0.7083,0.2917,0.4865,0.0335,0.0000,0.0889,0.0582,0.0000,3
support_reversal,robust_balance_mpc,4,24,0.1250,0.1352,0.7083,0.1667,0.5016,0.0322,0.0000,0.0973,0.0604,0.0000,3
support_reversal,robust_balance_mpc,5,24,0.3333,0.1927,0.7083,0.3750,0.4806,0.0363,0.0000,0.0860,0.0557,0.0000,3
support_reversal,robust_balance_mpc,6,24,0.1667,0.1523,0.5417,0.2917,0.4933,0.0373,0.0000,0.0873,0.0642,0.0000,3
support_reversal,robust_balance_mpc,7,24,0.2083,0.1660,0.8333,0.2917,0.4880,0.0380,0.0000,0.0928,0.0688,0.0000,3
weak_actuation,arm_only_reach,0,24,0.4583,0.2036,0.5000,0.8333,0.3909,0.0469,0.0000,0.0597,0.1331,0.0000,1
weak_actuation,arm_only_reach,1,24,0.6667,0.1927,0.9167,0.7500,0.3588,0.0278,0.0000,0.0598,0.1350,0.0000,1
weak_actuation,arm_only_reach,2,24,0.5000,0.2043,0.6667,0.7500,0.3495,0.0440,0.0000,0.0567,0.1316,0.0000,1
weak_actuation,arm_only_reach,3,24,0.3750,0.1979,0.5417,0.7500,0.4085,0.0350,0.0000,0.0566,0.1304,0.0000,1
weak_actuation,arm_only_reach,4,24,0.5417,0.2036,0.5833,0.8333,0.3926,0.0405,0.0000,0.0579,0.1361,0.0000,1
weak_actuation,arm_only_reach,5,24,0.5000,0.2043,0.6250,0.7500,0.3946,0.0434,0.0000,0.0582,0.1346,0.0000,1
weak_actuation,arm_only_reach,6,24,0.7083,0.1858,0.9167,0.7917,0.3330,0.0282,0.0000,0.0565,0.1277,0.0000,1
weak_actuation,arm_only_reach,7,24,0.6250,0.1979,0.6667,0.9583,0.3522,0.0322,0.0000,0.0547,0.1315,0.0000,1
weak_actuation,bar_mpc_no_online,0,24,0.5833,0.2015,0.6250,0.8750,0.3696,0.0481,0.0471,0.0618,0.1329,0.0000,7
weak_actuation,bar_mpc_no_online,1,24,0.7083,0.1858,0.9583,0.7500,0.3352,0.0281,0.0466,0.0620,0.1391,0.0000,6
weak_actuation,bar_mpc_no_online,2,24,0.5833,0.2015,0.7500,0.7500,0.3327,0.0457,0.0432,0.0586,0.1367,0.0000,7
weak_actuation,bar_mpc_no_online,3,24,0.4167,0.2015,0.6250,0.7500,0.3883,0.0349,0.0454,0.0591,0.1335,0.0000,6
weak_actuation,bar_mpc_no_online,4,24,0.5833,0.2015,0.6250,0.8750,0.3767,0.0402,0.0443,0.0594,0.1341,0.0000,5
weak_actuation,bar_mpc_no_online,5,24,0.5000,0.2043,0.7083,0.6667,0.3831,0.0433,0.0480,0.0605,0.1370,0.0000,5
weak_actuation,bar_mpc_no_online,6,24,0.7083,0.1858,0.9167,0.7917,0.3173,0.0288,0.0450,0.0581,0.1337,0.0000,7
weak_actuation,bar_mpc_no_online,7,24,0.7083,0.1858,0.7500,0.9583,0.3462,0.0342,0.0417,0.0570,0.1369,0.0000,7
weak_actuation,bar_mpc_v5,0,24,0.5833,0.2015,0.6250,0.8750,0.3696,0.0481,0.0471,0.0618,0.1329,0.0000,7
weak_actuation,bar_mpc_v5,1,24,0.7083,0.1858,0.9583,0.7500,0.3352,0.0281,0.0466,0.0620,0.1391,0.0000,6
weak_actuation,bar_mpc_v5,2,24,0.5833,0.2015,0.7500,0.7500,0.3327,0.0457,0.0432,0.0586,0.1367,0.0000,7
weak_actuation,bar_mpc_v5,3,24,0.4167,0.2015,0.6250,0.7500,0.3883,0.0349,0.0454,0.0591,0.1335,0.0000,6
weak_actuation,bar_mpc_v5,4,24,0.5833,0.2015,0.6250,0.8750,0.3767,0.0402,0.0443,0.0594,0.1341,0.0000,5
weak_actuation,bar_mpc_v5,5,24,0.5000,0.2043,0.7083,0.6667,0.3831,0.0433,0.0480,0.0605,0.1370,0.0000,5
weak_actuation,bar_mpc_v5,6,24,0.7083,0.1858,0.9167,0.7917,0.3173,0.0288,0.0450,0.0581,0.1337,0.0000,7
weak_actuation,bar_mpc_v5,7,24,0.7083,0.1858,0.7500,0.9583,0.3462,0.0342,0.0417,0.0570,0.1369,0.0000,7
weak_actuation,comfort_regularized_mpc,0,24,0.5833,0.2015,0.6250,0.8750,0.3692,0.0483,0.0000,0.0619,0.1327,0.0000,6
weak_actuation,comfort_regularized_mpc,1,24,0.7083,0.1858,0.9583,0.7500,0.3356,0.0279,0.0000,0.0620,0.1394,0.0000,6
weak_actuation,comfort_regularized_mpc,2,24,0.5833,0.2015,0.7500,0.7500,0.3325,0.0456,0.0000,0.0587,0.1366,0.0000,8
weak_actuation,comfort_regularized_mpc,3,24,0.4583,0.2036,0.6667,0.7500,0.3877,0.0347,0.0000,0.0596,0.1334,0.0000,4
weak_actuation,comfort_regularized_mpc,4,24,0.6250,0.1979,0.6667,0.8750,0.3762,0.0401,0.0000,0.0601,0.1349,0.0000,5
weak_actuation,comfort_regularized_mpc,5,24,0.5000,0.2043,0.7083,0.6667,0.3829,0.0424,0.0000,0.0611,0.1362,0.0000,7
weak_actuation,comfort_regularized_mpc,6,24,0.7083,0.1858,0.9167,0.7917,0.3170,0.0286,0.0000,0.0583,0.1324,0.0000,7
weak_actuation,comfort_regularized_mpc,7,24,0.7083,0.1858,0.7500,0.9583,0.3463,0.0342,0.0000,0.0570,0.1366,0.0000,7
weak_actuation,current_target_only_greedy,0,24,0.5833,0.2015,0.6250,0.8750,0.3692,0.0483,0.0000,0.0619,0.1327,0.0000,6
weak_actuation,current_target_only_greedy,1,24,0.7083,0.1858,0.9583,0.7500,0.3360,0.0278,0.0000,0.0621,0.1390,0.0000,6
weak_actuation,current_target_only_greedy,2,24,0.5833,0.2015,0.7500,0.7500,0.3333,0.0454,0.0000,0.0588,0.1366,0.0000,8
weak_actuation,current_target_only_greedy,3,24,0.4583,0.2036,0.6667,0.7500,0.3893,0.0339,0.0000,0.0598,0.1345,0.0000,4
weak_actuation,current_target_only_greedy,4,24,0.6250,0.1979,0.6667,0.8750,0.3768,0.0402,0.0000,0.0602,0.1354,0.0000,5
weak_actuation,current_target_only_greedy,5,24,0.5000,0.2043,0.7083,0.6667,0.3824,0.0422,0.0000,0.0611,0.1366,0.0000,7
weak_actuation,current_target_only_greedy,6,24,0.7083,0.1858,0.9167,0.7917,0.3193,0.0288,0.0000,0.0585,0.1303,0.0000,8
weak_actuation,current_target_only_greedy,7,24,0.7083,0.1858,0.7500,0.9583,0.3465,0.0343,0.0000,0.0571,0.1364,0.0000,7
weak_actuation,future_distribution_mpc,0,24,0.5833,0.2015,0.6250,0.8750,0.3696,0.0481,0.0470,0.0618,0.1330,0.0000,7
weak_actuation,future_distribution_mpc,1,24,0.7083,0.1858,0.9583,0.7500,0.3352,0.0281,0.0466,0.0620,0.1391,0.0000,6
weak_actuation,future_distribution_mpc,2,24,0.5833,0.2015,0.7500,0.7500,0.3327,0.0457,0.0432,0.0586,0.1367,0.0000,7
weak_actuation,future_distribution_mpc,3,24,0.4167,0.2015,0.6250,0.7500,0.3883,0.0349,0.0454,0.0591,0.1335,0.0000,6
weak_actuation,future_distribution_mpc,4,24,0.5833,0.2015,0.6250,0.8750,0.3767,0.0402,0.0443,0.0594,0.1341,0.0000,5
weak_actuation,future_distribution_mpc,5,24,0.5000,0.2043,0.7083,0.6667,0.3841,0.0431,0.0481,0.0605,0.1365,0.0000,6
weak_actuation,future_distribution_mpc,6,24,0.7083,0.1858,0.9167,0.7917,0.3169,0.0287,0.0451,0.0582,0.1331,0.0000,7
weak_actuation,future_distribution_mpc,7,24,0.7083,0.1858,0.7500,0.9583,0.3462,0.0342,0.0417,0.0570,0.1369,0.0000,7
weak_actuation,greedy_reach_mpc,0,24,0.5833,0.2015,0.6250,0.8750,0.3692,0.0483,0.0000,0.0619,0.1327,0.0000,6
weak_actuation,greedy_reach_mpc,1,24,0.7083,0.1858,0.9583,0.7500,0.3360,0.0278,0.0000,0.0621,0.1390,0.0000,6
weak_actuation,greedy_reach_mpc,2,24,0.5833,0.2015,0.7500,0.7500,0.3333,0.0454,0.0000,0.0588,0.1366,0.0000,8
weak_actuation,greedy_reach_mpc,3,24,0.4583,0.2036,0.6667,0.7500,0.3893,0.0339,0.0000,0.0598,0.1345,0.0000,4
weak_actuation,greedy_reach_mpc,4,24,0.6250,0.1979,0.6667,0.8750,0.3768,0.0402,0.0000,0.0602,0.1354,0.0000,5
weak_actuation,greedy_reach_mpc,5,24,0.5000,0.2043,0.7083,0.6667,0.3824,0.0422,0.0000,0.0611,0.1366,0.0000,7
weak_actuation,greedy_reach_mpc,6,24,0.7083,0.1858,0.9167,0.7917,0.3193,0.0288,0.0000,0.0585,0.1303,0.0000,8
weak_actuation,greedy_reach_mpc,7,24,0.7083,0.1858,0.7500,0.9583,0.3465,0.0343,0.0000,0.0571,0.1364,0.0000,7
weak_actuation,learned_linear_debt_proxy,0,24,0.5833,0.2015,0.6250,0.8750,0.3738,0.0491,0.0462,0.0610,0.1304,0.0000,8
weak_actuation,learned_linear_debt_proxy,1,24,0.7083,0.1858,0.9583,0.7500,0.3391,0.0274,0.0458,0.0612,0.1410,0.0000,6
weak_actuation,learned_linear_debt_proxy,2,24,0.5417,0.2036,0.7083,0.7500,0.3335,0.0457,0.0423,0.0581,0.1342,0.0000,7
weak_actuation,learned_linear_debt_proxy,3,24,0.4167,0.2015,0.6250,0.7083,0.3907,0.0355,0.0446,0.0583,0.1337,0.0000,7
weak_actuation,learned_linear_debt_proxy,4,24,0.5833,0.2015,0.6250,0.8750,0.3781,0.0411,0.0437,0.0592,0.1346,0.0000,6
weak_actuation,learned_linear_debt_proxy,5,24,0.5417,0.2036,0.7083,0.7500,0.3834,0.0434,0.0468,0.0594,0.1366,0.0000,6
weak_actuation,learned_linear_debt_proxy,6,24,0.7083,0.1858,0.9167,0.7917,0.3182,0.0288,0.0449,0.0581,0.1327,0.0000,7
weak_actuation,learned_linear_debt_proxy,7,24,0.6250,0.1979,0.6667,0.9583,0.3453,0.0334,0.0407,0.0561,0.1342,0.0000,8
weak_actuation,oracle_two_step_mpc,0,24,0.5417,0.2036,0.5833,0.8750,0.3663,0.0488,0.0000,0.0621,0.1330,0.0000,8
weak_actuation,oracle_two_step_mpc,1,24,0.7083,0.1858,0.9583,0.7500,0.3334,0.0281,0.0000,0.0620,0.1398,0.0000,5
weak_actuation,oracle_two_step_mpc,2,24,0.5417,0.2036,0.7083,0.7917,0.3285,0.0458,0.0000,0.0586,0.1340,0.0000,7
weak_actuation,oracle_two_step_mpc,3,24,0.5000,0.2043,0.6667,0.7917,0.3861,0.0351,0.0000,0.0594,0.1319,0.0000,5
weak_actuation,oracle_two_step_mpc,4,24,0.5833,0.2015,0.6250,0.9167,0.3712,0.0404,0.0000,0.0604,0.1354,0.0000,5
weak_actuation,oracle_two_step_mpc,5,24,0.5417,0.2036,0.7083,0.7500,0.3771,0.0426,0.0000,0.0603,0.1369,0.0000,7
weak_actuation,oracle_two_step_mpc,6,24,0.7083,0.1858,0.9167,0.7917,0.3134,0.0280,0.0000,0.0591,0.1337,0.0000,7
weak_actuation,oracle_two_step_mpc,7,24,0.6250,0.1979,0.6667,0.9583,0.3383,0.0337,0.0000,0.0566,0.1310,0.0000,9
weak_actuation,random_posture,0,24,0.4167,0.2015,0.4583,0.7917,0.4445,0.0530,0.0000,0.0623,0.1307,0.0000,13
weak_actuation,random_posture,1,24,0.5833,0.2015,0.7917,0.7500,0.3971,0.0504,0.0000,0.0607,0.1274,0.0000,11
weak_actuation,random_posture,2,24,0.2917,0.1858,0.3750,0.7917,0.4388,0.0708,0.0000,0.0574,0.1251,0.0000,13
weak_actuation,random_posture,3,24,0.2917,0.1858,0.3750,0.7500,0.4634,0.0478,0.0000,0.0579,0.1241,0.0000,13
weak_actuation,random_posture,4,24,0.3333,0.1927,0.3750,0.7917,0.4662,0.0521,0.0000,0.0598,0.1275,0.0000,11
weak_actuation,random_posture,5,24,0.4167,0.2015,0.5000,0.7500,0.4634,0.0681,0.0000,0.0567,0.1278,0.0000,11
weak_actuation,random_posture,6,24,0.4583,0.2036,0.6250,0.7917,0.3901,0.0467,0.0000,0.0588,0.1216,0.0000,12
weak_actuation,random_posture,7,24,0.4583,0.2036,0.5000,0.9583,0.3916,0.0476,0.0000,0.0581,0.1271,0.0000,15
weak_actuation,robust_balance_mpc,0,24,0.5833,0.2015,0.6250,0.8750,0.3692,0.0483,0.0000,0.0619,0.1327,0.0000,6
weak_actuation,robust_balance_mpc,1,24,0.7083,0.1858,0.9583,0.7500,0.3356,0.0279,0.0000,0.0620,0.1394,0.0000,6
weak_actuation,robust_balance_mpc,2,24,0.5833,0.2015,0.7500,0.7500,0.3325,0.0456,0.0000,0.0587,0.1366,0.0000,8
weak_actuation,robust_balance_mpc,3,24,0.4583,0.2036,0.6667,0.7500,0.3881,0.0346,0.0000,0.0597,0.1338,0.0000,4
weak_actuation,robust_balance_mpc,4,24,0.6250,0.1979,0.6667,0.8750,0.3768,0.0402,0.0000,0.0602,0.1354,0.0000,5
weak_actuation,robust_balance_mpc,5,24,0.5000,0.2043,0.7083,0.6667,0.3829,0.0424,0.0000,0.0611,0.1362,0.0000,7
weak_actuation,robust_balance_mpc,6,24,0.7083,0.1858,0.9167,0.7917,0.3170,0.0286,0.0000,0.0583,0.1324,0.0000,7
weak_actuation,robust_balance_mpc,7,24,0.7083,0.1858,0.7500,0.9583,0.3463,0.0342,0.0000,0.0570,0.1366,0.0000,7
